user,age,gender,marital_status,have_child,education,product_name,3year_return,standard_deviation,dividend,asset_class,age_category,user_index,age_index,gender_index,education_index,have_child_index,marital_status_index,product_index,asset_class_index
CUST00000134,20,M,SINGLE,N,SECONDARY,U62300,11.37,20.12,0.22,Equity Developed Market,18-30,131,1,1,2,0,2,3,0
CUST00000155,20,M,SINGLE,N,SECONDARY,U61753,19.8,19.953,0.0,Equity Developing Market,18-30,150,1,1,2,0,2,2,1
CUST00000158,20,F,SINGLE,N,SECONDARY,U61753,19.8,19.953,0.0,Equity Developing Market,18-30,153,1,0,2,0,2,2,1
CUST00000201,20,M,SINGLE,N,SECONDARY,U61753,19.8,19.953,0.0,Equity Developing Market,18-30,196,1,1,2,0,2,2,1
CUST00000426,20,M,SINGLE,N,SECONDARY,U62402,5.9,24.169,4.9,Equity Developing Market,18-30,414,1,1,2,0,2,4,1
CUST00000537,20,M,SINGLE,N,SECONDARY,U61753,19.8,19.953,0.0,Equity Developing Market,18-30,522,1,1,2,0,2,2,1
CUST00000654,20,F,SINGLE,N,SECONDARY,U61753,19.8,19.953,0.0,Equity Developing Market,18-30,632,1,0,2,0,2,2,1
CUST00000655,20,F,SINGLE,N,SECONDARY,U61753,19.8,19.953,0.0,Equity Developing Market,18-30,633,1,0,2,0,2,2,1
CUST00000661,20,F,SINGLE,N,SECONDARY,U62402,5.9,24.169,4.9,Equity Developing Market,18-30,639,1,0,2,0,2,4,1
CUST00000743,20,M,SINGLE,N,SECONDARY,U62516,5.8,11.375,2.73,Equity Developed Market,18-30,720,1,1,2,0,2,5,0
CUST00000921,20,M,SINGLE,N,SECONDARY,U61753,19.8,19.953,0.0,Equity Developing Market,18-30,892,1,1,2,0,2,2,1
CUST00000990,20,F,SINGLE,N,SECONDARY,U62300,11.37,20.12,0.22,Equity Developed Market,18-30,958,1,0,2,0,2,3,0
CUST00000023,21,M,SINGLE,N,UNIVERSITY,U61753,19.8,19.953,0.0,Equity Developing Market,18-30,20,1,1,3,0,2,2,1
CUST00000098,21,F,SINGLE,N,SECONDARY,U62300,11.37,20.12,0.22,Equity Developed Market,18-30,95,1,0,2,0,2,3,0
CUST00000103,21,F,SINGLE,N,UNIVERSITY,U62402,5.9,24.169,4.9,Equity Developing Market,18-30,100,1,0,3,0,2,4,1
CUST00000142,21,F,SINGLE,N,UNIVERSITY,U61753,19.8,19.953,0.0,Equity Developing Market,18-30,138,1,0,3,0,2,2,1
CUST00000180,21,M,SINGLE,N,UNIVERSITY,U62402,5.9,24.169,4.9,Equity Developing Market,18-30,175,1,1,3,0,2,4,1
CUST00000307,21,M,SINGLE,N,SECONDARY,U62300,11.37,20.12,0.22,Equity Developed Market,18-30,299,1,1,2,0,2,3,0
CUST00000372,21,F,SINGLE,N,SECONDARY,U62300,11.37,20.12,0.22,Equity Developed Market,18-30,360,1,0,2,0,2,3,0
CUST00000383,21,M,SINGLE,N,SECONDARY,U61753,19.8,19.953,0.0,Equity Developing Market,18-30,371,1,1,2,0,2,2,1
CUST00000444,21,F,SINGLE,N,UNIVERSITY,U62402,5.9,24.169,4.9,Equity Developing Market,18-30,432,1,0,3,0,2,4,1
CUST00000518,21,F,SINGLE,N,UNIVERSITY,U62300,11.37,20.12,0.22,Equity Developed Market,18-30,503,1,0,3,0,2,3,0
CUST00000527,21,F,SINGLE,N,UNIVERSITY,U61753,19.8,19.953,0.0,Equity Developing Market,18-30,512,1,0,3,0,2,2,1
CUST00000688,21,F,SINGLE,N,UNIVERSITY,U61753,19.8,19.953,0.0,Equity Developing Market,18-30,665,1,0,3,0,2,2,1
CUST00000733,21,M,SINGLE,N,UNIVERSITY,U62300,11.37,20.12,0.22,Equity Developed Market,18-30,710,1,1,3,0,2,3,0
CUST00000740,21,M,SINGLE,N,UNIVERSITY,U62402,5.9,24.169,4.9,Equity Developing Market,18-30,717,1,1,3,0,2,4,1
CUST00000783,21,F,SINGLE,N,UNIVERSITY,U62300,11.37,20.12,0.22,Equity Developed Market,18-30,758,1,0,3,0,2,3,0
CUST00000807,21,M,SINGLE,N,UNIVERSITY,U62300,11.37,20.12,0.22,Equity Developed Market,18-30,781,1,1,3,0,2,3,0
CUST00000830,21,M,SINGLE,N,UNIVERSITY,U61753,19.8,19.953,0.0,Equity Developing Market,18-30,804,1,1,3,0,2,2,1
CUST00000855,21,M,SINGLE,N,UNIVERSITY,U62300,11.37,20.12,0.22,Equity Developed Market,18-30,828,1,1,3,0,2,3,0
CUST00000920,21,M,SINGLE,N,SECONDARY,U62402,5.9,24.169,4.9,Equity Developing Market,18-30,891,1,1,2,0,2,4,1
CUST00000945,21,F,SINGLE,N,UNIVERSITY,U62300,11.37,20.12,0.22,Equity Developed Market,18-30,914,1,0,3,0,2,3,0
CUST00000956,21,M,SINGLE,N,SECONDARY,U61753,19.8,19.953,0.0,Equity Developing Market,18-30,925,1,1,2,0,2,2,1
CUST00000977,21,F,SINGLE,N,UNIVERSITY,U61753,19.8,19.953,0.0,Equity Developing Market,18-30,945,1,0,3,0,2,2,1
CUST00000083,22,F,SINGLE,N,UNIVERSITY,U62402,5.9,24.169,4.9,Equity Developing Market,18-30,80,1,0,3,0,2,4,1
CUST00000331,22,F,SINGLE,N,SECONDARY,U61753,19.8,19.953,0.0,Equity Developing Market,18-30,323,1,0,2,0,2,2,1
CUST00000338,22,F,MARRIED,Y,SECONDARY,U62300,11.37,20.12,0.22,Equity Developed Market,18-30,328,1,0,2,1,1,3,0
CUST00000385,22,F,SINGLE,N,SECONDARY,U62402,5.9,24.169,4.9,Equity Developing Market,18-30,373,1,0,2,0,2,4,1
CUST00000567,22,F,SINGLE,N,UNIVERSITY,U62300,11.37,20.12,0.22,Equity Developed Market,18-30,550,1,0,3,0,2,3,0
CUST00000648,22,M,SINGLE,N,SECONDARY,U61753,19.8,19.953,0.0,Equity Developing Market,18-30,627,1,1,2,0,2,2,1
CUST00000650,22,F,SINGLE,N,UNIVERSITY,U61753,19.8,19.953,0.0,Equity Developing Market,18-30,629,1,0,3,0,2,2,1
CUST00000714,22,M,SINGLE,N,SECONDARY,U61753,19.8,19.953,0.0,Equity Developing Market,18-30,691,1,1,2,0,2,2,1
CUST00000768,22,M,SINGLE,N,UNIVERSITY,U61753,19.8,19.953,0.0,Equity Developing Market,18-30,744,1,1,3,0,2,2,1
CUST00000898,22,F,SINGLE,N,SECONDARY,U62402,5.9,24.169,4.9,Equity Developing Market,18-30,870,1,0,2,0,2,4,1
CUST00000919,22,F,SINGLE,N,UNIVERSITY,U61753,19.8,19.953,0.0,Equity Developing Market,18-30,890,1,0,3,0,2,2,1
CUST00000930,22,F,SINGLE,N,SECONDARY,U61753,19.8,19.953,0.0,Equity Developing Market,18-30,900,1,0,2,0,2,2,1
CUST00000969,22,M,SINGLE,N,UNIVERSITY,U62300,11.37,20.12,0.22,Equity Developed Market,18-30,937,1,1,3,0,2,3,0
CUST00000995,22,M,SINGLE,N,UNIVERSITY,U61753,19.8,19.953,0.0,Equity Developing Market,18-30,963,1,1,3,0,2,2,1
CUST00000092,23,F,SINGLE,N,UNIVERSITY,U61753,19.8,19.953,0.0,Equity Developing Market,18-30,89,1,0,3,0,2,2,1
CUST00000096,23,M,SINGLE,N,UNIVERSITY,U61753,19.8,19.953,0.0,Equity Developing Market,18-30,93,1,1,3,0,2,2,1
CUST00000228,23,M,MARRIED,Y,SECONDARY,U62402,5.9,24.169,4.9,Equity Developing Market,18-30,222,1,1,2,1,1,4,1
CUST00000236,23,F,MARRIED,N,SECONDARY,U62300,11.37,20.12,0.22,Equity Developed Market,18-30,230,1,0,2,0,1,3,0
CUST00000359,23,F,SINGLE,N,UNIVERSITY,U61753,19.8,19.953,0.0,Equity Developing Market,18-30,348,1,0,3,0,2,2,1
CUST00000373,23,F,SINGLE,N,UNIVERSITY,U62300,11.37,20.12,0.22,Equity Developed Market,18-30,361,1,0,3,0,2,3,0
CUST00000408,23,F,MARRIED,N,UNIVERSITY,U61753,19.8,19.953,0.0,Equity Developing Market,18-30,396,1,0,3,0,1,2,1
CUST00000431,23,M,SINGLE,N,SECONDARY,U61753,19.8,19.953,0.0,Equity Developing Market,18-30,419,1,1,2,0,2,2,1
CUST00000456,23,F,SINGLE,N,UNIVERSITY,U61753,19.8,19.953,0.0,Equity Developing Market,18-30,444,1,0,3,0,2,2,1
CUST00000499,23,F,SINGLE,N,SECONDARY,U61753,19.8,19.953,0.0,Equity Developing Market,18-30,485,1,0,2,0,2,2,1
CUST00000738,23,M,SINGLE,N,UNIVERSITY,U61753,19.8,19.953,0.0,Equity Developing Market,18-30,715,1,1,3,0,2,2,1
CUST00000906,23,F,SINGLE,N,UNIVERSITY,U62300,11.37,20.12,0.22,Equity Developed Market,18-30,878,1,0,3,0,2,3,0
CUST00000929,23,M,SINGLE,N,SECONDARY,U61753,19.8,19.953,0.0,Equity Developing Market,18-30,899,1,1,2,0,2,2,1
CUST00000053,24,F,SINGLE,N,SECONDARY,U61753,19.8,19.953,0.0,Equity Developing Market,18-30,50,1,0,2,0,2,2,1
CUST00000110,24,M,SINGLE,N,UNIVERSITY,U62402,5.9,24.169,4.9,Equity Developing Market,18-30,107,1,1,3,0,2,4,1
CUST00000143,24,F,MARRIED,N,UNIVERSITY,U62300,11.37,20.12,0.22,Equity Developed Market,18-30,139,1,0,3,0,1,3,0
CUST00000163,24,F,SINGLE,N,SECONDARY,U62300,11.37,20.12,0.22,Equity Developed Market,18-30,158,1,0,2,0,2,3,0
CUST00000239,24,M,SINGLE,N,SECONDARY,U61753,19.8,19.953,0.0,Equity Developing Market,18-30,233,1,1,2,0,2,2,1
CUST00000302,24,M,SINGLE,N,UNIVERSITY,U61753,19.8,19.953,0.0,Equity Developing Market,18-30,294,1,1,3,0,2,2,1
CUST00000439,24,M,SINGLE,N,UNIVERSITY,U62300,11.37,20.12,0.22,Equity Developed Market,18-30,427,1,1,3,0,2,3,0
CUST00000617,24,F,SINGLE,N,SECONDARY,U62402,5.9,24.169,4.9,Equity Developing Market,18-30,598,1,0,2,0,2,4,1
CUST00000639,24,M,SINGLE,N,SECONDARY,U61753,19.8,19.953,0.0,Equity Developing Market,18-30,619,1,1,2,0,2,2,1
CUST00000662,24,M,SINGLE,N,UNIVERSITY,U61753,19.8,19.953,0.0,Equity Developing Market,18-30,640,1,1,3,0,2,2,1
CUST00000691,24,F,SINGLE,N,UNIVERSITY,U61753,19.8,19.953,0.0,Equity Developing Market,18-30,668,1,0,3,0,2,2,1
CUST00000730,24,M,SINGLE,N,UNIVERSITY,U61753,19.8,19.953,0.0,Equity Developing Market,18-30,707,1,1,3,0,2,2,1
CUST00000757,24,M,SINGLE,N,UNIVERSITY,U61753,19.8,19.953,0.0,Equity Developing Market,18-30,734,1,1,3,0,2,2,1
CUST00000813,24,F,SINGLE,N,SECONDARY,U62300,11.37,20.12,0.22,Equity Developed Market,18-30,787,1,0,2,0,2,3,0
CUST00000872,24,M,SINGLE,N,UNIVERSITY,U62300,11.37,20.12,0.22,Equity Developed Market,18-30,845,1,1,3,0,2,3,0
CUST00000895,24,M,SINGLE,N,UNIVERSITY,U61753,19.8,19.953,0.0,Equity Developing Market,18-30,867,1,1,3,0,2,2,1
CUST00000903,24,M,SINGLE,N,SECONDARY,U61753,19.8,19.953,0.0,Equity Developing Market,18-30,875,1,1,2,0,2,2,1
CUST00000926,24,F,SINGLE,N,UNIVERSITY,U62300,11.37,20.12,0.22,Equity Developed Market,18-30,896,1,0,3,0,2,3,0
CUST00000947,24,F,SINGLE,N,SECONDARY,U62516,5.8,11.375,2.73,Equity Developed Market,18-30,916,1,0,2,0,2,5,0
CUST00000984,24,M,MARRIED,N,SECONDARY,U61753,19.8,19.953,0.0,Equity Developing Market,18-30,952,1,1,2,0,1,2,1
CUST00000035,25,F,SINGLE,N,UNIVERSITY,U62300,11.37,20.12,0.22,Equity Developed Market,18-30,32,1,0,3,0,2,3,0
CUST00000109,25,F,SINGLE,N,UNIVERSITY,U61753,19.8,19.953,0.0,Equity Developing Market,18-30,106,1,0,3,0,2,2,1
CUST00000188,25,F,SINGLE,N,SECONDARY,U62402,5.9,24.169,4.9,Equity Developing Market,18-30,183,1,0,2,0,2,4,1
CUST00000197,25,M,SINGLE,N,UNIVERSITY,U62300,11.37,20.12,0.22,Equity Developed Market,18-30,192,1,1,3,0,2,3,0
CUST00000219,25,F,MARRIED,N,SECONDARY,U61753,19.8,19.953,0.0,Equity Developing Market,18-30,213,1,0,2,0,1,2,1
CUST00000425,25,F,SINGLE,N,SECONDARY,U61753,19.8,19.953,0.0,Equity Developing Market,18-30,413,1,0,2,0,2,2,1
CUST00000486,25,F,MARRIED,N,UNIVERSITY,U62402,5.9,24.169,4.9,Equity Developing Market,18-30,472,1,0,3,0,1,4,1
CUST00000506,25,M,MARRIED,N,UNIVERSITY,U62402,5.9,24.169,4.9,Equity Developing Market,18-30,492,1,1,3,0,1,4,1
CUST00000612,25,M,SINGLE,N,UNIVERSITY,U62402,5.9,24.169,4.9,Equity Developing Market,18-30,593,1,1,3,0,2,4,1
CUST00000647,25,F,SINGLE,N,SECONDARY,U61753,19.8,19.953,0.0,Equity Developing Market,18-30,626,1,0,2,0,2,2,1
CUST00000704,25,F,MARRIED,N,UNIVERSITY,U62300,11.37,20.12,0.22,Equity Developed Market,18-30,681,1,0,3,0,1,3,0
CUST00000761,25,F,SINGLE,N,SECONDARY,U62300,11.37,20.12,0.22,Equity Developed Market,18-30,738,1,0,2,0,2,3,0
CUST00000775,25,F,MARRIED,N,UNIVERSITY,U61753,19.8,19.953,0.0,Equity Developing Market,18-30,751,1,0,3,0,1,2,1
CUST00000033,26,M,SINGLE,N,POSTGRADUATE,U61753,19.8,19.953,0.0,Equity Developing Market,18-30,30,1,1,0,0,2,2,1
CUST00000048,26,M,SINGLE,N,POSTGRADUATE,U62402,5.9,24.169,4.9,Equity Developing Market,18-30,45,1,1,0,0,2,4,1
CUST00000064,26,F,MARRIED,N,UNIVERSITY,U61753,19.8,19.953,0.0,Equity Developing Market,18-30,61,1,0,3,0,1,2,1
CUST00000099,26,F,SINGLE,N,POSTGRADUATE,U62300,11.37,20.12,0.22,Equity Developed Market,18-30,96,1,0,0,0,2,3,0
CUST00000102,26,F,SINGLE,N,SECONDARY,U61753,19.8,19.953,0.0,Equity Developing Market,18-30,99,1,0,2,0,2,2,1
CUST00000125,26,M,SINGLE,N,UNIVERSITY,U61753,19.8,19.953,0.0,Equity Developing Market,18-30,122,1,1,3,0,2,2,1
CUST00000182,26,M,SINGLE,N,UNIVERSITY,U61753,19.8,19.953,0.0,Equity Developing Market,18-30,177,1,1,3,0,2,2,1
CUST00000186,26,M,MARRIED,N,UNIVERSITY,U61753,19.8,19.953,0.0,Equity Developing Market,18-30,181,1,1,3,0,1,2,1
CUST00000286,26,F,SINGLE,N,SECONDARY,U62300,11.37,20.12,0.22,Equity Developed Market,18-30,278,1,0,2,0,2,3,0
CUST00000472,26,M,SINGLE,N,UNIVERSITY,U62300,11.37,20.12,0.22,Equity Developed Market,18-30,459,1,1,3,0,2,3,0
CUST00000609,26,M,SINGLE,N,POSTGRADUATE,U61753,19.8,19.953,0.0,Equity Developing Market,18-30,591,1,1,0,0,2,2,1
CUST00000613,26,F,SINGLE,N,SECONDARY,U62402,5.9,24.169,4.9,Equity Developing Market,18-30,594,1,0,2,0,2,4,1
CUST00000769,26,M,SINGLE,N,UNIVERSITY,U62300,11.37,20.12,0.22,Equity Developed Market,18-30,745,1,1,3,0,2,3,0
CUST00000820,26,M,MARRIED,N,SECONDARY,U61753,19.8,19.953,0.0,Equity Developing Market,18-30,794,1,1,2,0,1,2,1
CUST00000897,26,M,SINGLE,N,POSTGRADUATE,U61753,19.8,19.953,0.0,Equity Developing Market,18-30,869,1,1,0,0,2,2,1
CUST00000907,26,M,SINGLE,N,UNIVERSITY,U62300,11.37,20.12,0.22,Equity Developed Market,18-30,879,1,1,3,0,2,3,0
CUST00000936,26,M,MARRIED,N,UNIVERSITY,U61753,19.8,19.953,0.0,Equity Developing Market,18-30,906,1,1,3,0,1,2,1
CUST00000022,27,F,SINGLE,N,UNIVERSITY,U61753,19.8,19.953,0.0,Equity Developing Market,18-30,19,1,0,3,0,2,2,1
CUST00000200,27,M,MARRIED,Y,UNIVERSITY,U62402,5.9,24.169,4.9,Equity Developing Market,18-30,195,1,1,3,1,1,4,1
CUST00000249,27,M,SINGLE,N,UNIVERSITY,U61753,19.8,19.953,0.0,Equity Developing Market,18-30,243,1,1,3,0,2,2,1
CUST00000362,27,F,MARRIED,N,POSTGRADUATE,U61753,19.8,19.953,0.0,Equity Developing Market,18-30,351,1,0,0,0,1,2,1
CUST00000429,27,M,SINGLE,N,POSTGRADUATE,U62300,11.37,20.12,0.22,Equity Developed Market,18-30,417,1,1,0,0,2,3,0
CUST00000433,27,F,SINGLE,N,SECONDARY,U62300,11.37,20.12,0.22,Equity Developed Market,18-30,421,1,0,2,0,2,3,0
CUST00000445,27,M,SINGLE,N,UNIVERSITY,U61753,19.8,19.953,0.0,Equity Developing Market,18-30,433,1,1,3,0,2,2,1
CUST00000539,27,F,SINGLE,N,UNIVERSITY,U61753,19.8,19.953,0.0,Equity Developing Market,18-30,523,1,0,3,0,2,2,1
CUST00000558,27,M,SINGLE,N,UNIVERSITY,U61753,19.8,19.953,0.0,Equity Developing Market,18-30,541,1,1,3,0,2,2,1
CUST00000581,27,M,SINGLE,N,SECONDARY,U61753,19.8,19.953,0.0,Equity Developing Market,18-30,564,1,1,2,0,2,2,1
CUST00000598,27,F,MARRIED,N,SECONDARY,U61753,19.8,19.953,0.0,Equity Developing Market,18-30,580,1,0,2,0,1,2,1
CUST00000603,27,M,MARRIED,Y,SECONDARY,U62300,11.37,20.12,0.22,Equity Developed Market,18-30,585,1,1,2,1,1,3,0
CUST00000707,27,M,SINGLE,N,POSTGRADUATE,U62402,5.9,24.169,4.9,Equity Developing Market,18-30,684,1,1,0,0,2,4,1
CUST00000856,27,M,MARRIED,N,SECONDARY,U62402,5.9,24.169,4.9,Equity Developing Market,18-30,829,1,1,2,0,1,4,1
CUST00000861,27,F,SINGLE,N,UNIVERSITY,U62402,5.9,24.169,4.9,Equity Developing Market,18-30,834,1,0,3,0,2,4,1
CUST00000871,27,F,SINGLE,N,UNIVERSITY,U61753,19.8,19.953,0.0,Equity Developing Market,18-30,844,1,0,3,0,2,2,1
CUST00000923,27,M,MARRIED,Y,SECONDARY,U62300,11.37,20.12,0.22,Equity Developed Market,18-30,894,1,1,2,1,1,3,0
CUST00000161,28,M,SINGLE,N,POSTGRADUATE,U61753,19.8,19.953,0.0,Equity Developing Market,18-30,156,1,1,0,0,2,2,1
CUST00000327,28,M,MARRIED,N,SECONDARY,U62300,11.37,20.12,0.22,Equity Developed Market,18-30,319,1,1,2,0,1,3,0
CUST00000577,28,F,SINGLE,N,SECONDARY,U61753,19.8,19.953,0.0,Equity Developing Market,18-30,560,1,0,2,0,2,2,1
CUST00000741,28,M,MARRIED,N,UNIVERSITY,U62300,11.37,20.12,0.22,Equity Developed Market,18-30,718,1,1,3,0,1,3,0
CUST00000762,28,F,MARRIED,N,SECONDARY,U62402,5.9,24.169,4.9,Equity Developing Market,18-30,739,1,0,2,0,1,4,1
CUST00000788,28,M,DIVORCED,Y,SECONDARY,U62300,11.37,20.12,0.22,Equity Developed Market,18-30,762,1,1,2,1,0,3,0
CUST00000795,28,F,MARRIED,Y,SECONDARY,U62300,11.37,20.12,0.22,Equity Developed Market,18-30,769,1,0,2,1,1,3,0
CUST00000922,28,M,SINGLE,N,UNIVERSITY,U62300,11.37,20.12,0.22,Equity Developed Market,18-30,893,1,1,3,0,2,3,0
CUST00000004,29,F,MARRIED,N,UNIVERSITY,U61753,19.8,19.953,0.0,Equity Developing Market,18-30,3,1,0,3,0,1,2,1
CUST00000052,29,F,MARRIED,Y,SECONDARY,U61753,19.8,19.953,0.0,Equity Developing Market,18-30,49,1,0,2,1,1,2,1
CUST00000123,29,M,SINGLE,N,UNIVERSITY,U61753,19.8,19.953,0.0,Equity Developing Market,18-30,120,1,1,3,0,2,2,1
CUST00000257,29,M,MARRIED,N,SECONDARY,U61753,19.8,19.953,0.0,Equity Developing Market,18-30,250,1,1,2,0,1,2,1
CUST00000293,29,F,SINGLE,N,POSTGRADUATE,U62402,5.9,24.169,4.9,Equity Developing Market,18-30,285,1,0,0,0,2,4,1
CUST00000305,29,M,SINGLE,N,UNIVERSITY,U61753,19.8,19.953,0.0,Equity Developing Market,18-30,297,1,1,3,0,2,2,1
CUST00000371,29,F,SINGLE,N,POSTGRADUATE,U61753,19.8,19.953,0.0,Equity Developing Market,18-30,359,1,0,0,0,2,2,1
CUST00000374,29,F,MARRIED,Y,POSTGRADUATE,U62402,5.9,24.169,4.9,Equity Developing Market,18-30,362,1,0,0,1,1,4,1
CUST00000479,29,F,MARRIED,N,UNIVERSITY,U62402,5.9,24.169,4.9,Equity Developing Market,18-30,465,1,0,3,0,1,4,1
CUST00000529,29,F,SINGLE,N,UNIVERSITY,U61753,19.8,19.953,0.0,Equity Developing Market,18-30,514,1,0,3,0,2,2,1
CUST00000531,29,F,SINGLE,N,UNIVERSITY,U61753,19.8,19.953,0.0,Equity Developing Market,18-30,516,1,0,3,0,2,2,1
CUST00000536,29,M,SINGLE,N,UNIVERSITY,U62300,11.37,20.12,0.22,Equity Developed Market,18-30,521,1,1,3,0,2,3,0
CUST00000549,29,F,MARRIED,Y,UNIVERSITY,U62402,5.9,24.169,4.9,Equity Developing Market,18-30,533,1,0,3,1,1,4,1
CUST00000696,29,M,MARRIED,N,POSTGRADUATE,U62402,5.9,24.169,4.9,Equity Developing Market,18-30,673,1,1,0,0,1,4,1
CUST00000774,29,M,MARRIED,N,UNIVERSITY,U61753,19.8,19.953,0.0,Equity Developing Market,18-30,750,1,1,3,0,1,2,1
CUST00000799,29,F,SINGLE,N,SECONDARY,U61753,19.8,19.953,0.0,Equity Developing Market,18-30,773,1,0,2,0,2,2,1
CUST00000825,29,M,SINGLE,N,SECONDARY,U61753,19.8,19.953,0.0,Equity Developing Market,18-30,799,1,1,2,0,2,2,1
CUST00000882,29,F,SINGLE,N,UNIVERSITY,U62402,5.9,24.169,4.9,Equity Developing Market,18-30,855,1,0,3,0,2,4,1
CUST00000939,29,M,MARRIED,N,UNIVERSITY,U62300,11.37,20.12,0.22,Equity Developed Market,18-30,908,1,1,3,0,1,3,0
CUST00000964,29,F,SINGLE,N,UNIVERSITY,U62402,5.9,24.169,4.9,Equity Developing Market,18-30,933,1,0,3,0,2,4,1
CUST00000168,30,F,SINGLE,N,UNIVERSITY,U61753,19.8,19.953,0.0,Equity Developing Market,18-30,163,1,0,3,0,2,2,1
CUST00000308,30,F,SINGLE,N,POSTGRADUATE,U62300,11.37,20.12,0.22,Equity Developed Market,18-30,300,1,0,0,0,2,3,0
CUST00000317,30,M,MARRIED,N,UNIVERSITY,U62402,5.9,24.169,4.9,Equity Developing Market,18-30,309,1,1,3,0,1,4,1
CUST00000335,30,M,MARRIED,N,SECONDARY,U62402,5.9,24.169,4.9,Equity Developing Market,18-30,326,1,1,2,0,1,4,1
CUST00000441,30,M,MARRIED,Y,UNIVERSITY,U61753,19.8,19.953,0.0,Equity Developing Market,18-30,429,1,1,3,1,1,2,1
CUST00000570,30,F,MARRIED,Y,SECONDARY,U62300,11.37,20.12,0.22,Equity Developed Market,18-30,553,1,0,2,1,1,3,0
CUST00000601,30,M,MARRIED,N,SECONDARY,U61753,19.8,19.953,0.0,Equity Developing Market,18-30,583,1,1,2,0,1,2,1
CUST00000673,30,M,SINGLE,N,POSTGRADUATE,U61753,19.8,19.953,0.0,Equity Developing Market,18-30,650,1,1,0,0,2,2,1
CUST00000737,30,F,SINGLE,N,UNIVERSITY,U61753,19.8,19.953,0.0,Equity Developing Market,18-30,714,1,0,3,0,2,2,1
CUST00000794,30,M,DIVORCED,Y,SECONDARY,U62402,5.9,24.169,4.9,Equity Developing Market,18-30,768,1,1,2,1,0,4,1
CUST00000822,30,M,MARRIED,N,SECONDARY,U62300,11.37,20.12,0.22,Equity Developed Market,18-30,796,1,1,2,0,1,3,0
CUST00000858,30,M,SINGLE,N,UNIVERSITY,U62402,5.9,24.169,4.9,Equity Developing Market,18-30,831,1,1,3,0,2,4,1
CUST00000899,30,F,SINGLE,N,SECONDARY,U61753,19.8,19.953,0.0,Equity Developing Market,18-30,871,1,0,2,0,2,2,1
CUST00000954,30,M,MARRIED,N,UNIVERSITY,U61753,19.8,19.953,0.0,Equity Developing Market,18-30,923,1,1,3,0,1,2,1
CUST00000066,31,M,MARRIED,N,UNIVERSITY,U43095,6.77,4.183,1.2,Fixed Income,30-44,63,2,1,3,0,1,0,2
CUST00000076,31,F,MARRIED,N,PRIMARY,U61753,19.8,19.953,0.0,Equity Developing Market,30-44,73,2,0,1,0,1,2,1
CUST00000090,31,M,SINGLE,N,PRIMARY,U43095,6.77,4.183,1.2,Fixed Income,30-44,87,2,1,1,0,2,0,2
CUST00000106,31,M,MARRIED,Y,SECONDARY,U62402,5.9,24.169,4.9,Equity Developing Market,30-44,103,2,1,2,1,1,4,1
CUST00000157,31,F,MARRIED,N,POSTGRADUATE,U43095,6.77,4.183,1.2,Fixed Income,30-44,152,2,0,0,0,1,0,2
CUST00000189,31,M,MARRIED,Y,UNIVERSITY,U43095,6.77,4.183,1.2,Fixed Income,30-44,184,2,1,3,1,1,0,2
CUST00000192,31,F,MARRIED,Y,UNIVERSITY,U62516,5.8,11.375,2.73,Equity Developed Market,30-44,187,2,0,3,1,1,5,0
CUST00000348,31,M,MARRIED,N,UNIVERSITY,U61753,19.8,19.953,0.0,Equity Developing Market,30-44,338,2,1,3,0,1,2,1
CUST00000350,31,F,SINGLE,N,UNIVERSITY,U62300,11.37,20.12,0.22,Equity Developed Market,30-44,340,2,0,3,0,2,3,0
CUST00000482,31,M,MARRIED,Y,UNIVERSITY,U62743,4.09,11.095,7.32,Fixed Income,30-44,468,2,1,3,1,1,7,2
CUST00000489,31,M,MARRIED,Y,SECONDARY,U62516,5.8,11.375,2.73,Equity Developed Market,30-44,475,2,1,2,1,1,5,0
CUST00000535,31,F,SINGLE,N,SECONDARY,U62300,11.37,20.12,0.22,Equity Developed Market,30-44,520,2,0,2,0,2,3,0
CUST00000583,31,F,SINGLE,N,UNIVERSITY,U62300,11.37,20.12,0.22,Equity Developed Market,30-44,566,2,0,3,0,2,3,0
CUST00000600,31,F,MARRIED,N,SECONDARY,U43095,6.77,4.183,1.2,Fixed Income,30-44,582,2,0,2,0,1,0,2
CUST00000666,31,F,MARRIED,Y,SECONDARY,U62743,4.09,11.095,7.32,Fixed Income,30-44,644,2,0,2,1,1,7,2
CUST00000711,31,M,DIVORCED,N,SECONDARY,U62300,11.37,20.12,0.22,Equity Developed Market,30-44,688,2,1,2,0,0,3,0
CUST00000767,31,F,MARRIED,Y,POSTGRADUATE,U62743,4.09,11.095,7.32,Fixed Income,30-44,743,2,0,0,1,1,7,2
CUST00000852,31,M,SINGLE,N,SECONDARY,U43095,6.77,4.183,1.2,Fixed Income,30-44,825,2,1,2,0,2,0,2
CUST00000875,31,F,MARRIED,N,SECONDARY,U61753,19.8,19.953,0.0,Equity Developing Market,30-44,848,2,0,2,0,1,2,1
CUST00000946,31,M,MARRIED,N,SECONDARY,U62300,11.37,20.12,0.22,Equity Developed Market,30-44,915,2,1,2,0,1,3,0
CUST00000084,32,F,MARRIED,N,PRIMARY,U62300,11.37,20.12,0.22,Equity Developed Market,30-44,81,2,0,1,0,1,3,0
CUST00000178,32,M,MARRIED,N,POSTGRADUATE,U62300,11.37,20.12,0.22,Equity Developed Market,30-44,173,2,1,0,0,1,3,0
CUST00000245,32,F,MARRIED,Y,SECONDARY,U62743,4.09,11.095,7.32,Fixed Income,30-44,239,2,0,2,1,1,7,2
CUST00000298,32,M,MARRIED,Y,SECONDARY,U62300,11.37,20.12,0.22,Equity Developed Market,30-44,290,2,1,2,1,1,3,0
CUST00000321,32,M,SINGLE,N,UNIVERSITY,U62300,11.37,20.12,0.22,Equity Developed Market,30-44,313,2,1,3,0,2,3,0
CUST00000343,32,F,MARRIED,Y,POSTGRADUATE,U62743,4.09,11.095,7.32,Fixed Income,30-44,333,2,0,0,1,1,7,2
CUST00000354,32,F,SINGLE,N,SECONDARY,U62300,11.37,20.12,0.22,Equity Developed Market,30-44,343,2,0,2,0,2,3,0
CUST00000358,32,M,SINGLE,N,SECONDARY,U61753,19.8,19.953,0.0,Equity Developing Market,30-44,347,2,1,2,0,2,2,1
CUST00000460,32,M,MARRIED,N,SECONDARY,U43095,6.77,4.183,1.2,Fixed Income,30-44,447,2,1,2,0,1,0,2
CUST00000476,32,M,DIVORCED,Y,SECONDARY,U62743,4.09,11.095,7.32,Fixed Income,30-44,462,2,1,2,1,0,7,2
CUST00000590,32,M,MARRIED,Y,POSTGRADUATE,U43095,6.77,4.183,1.2,Fixed Income,30-44,572,2,1,0,1,1,0,2
CUST00000614,32,F,DIVORCED,N,UNIVERSITY,U62300,11.37,20.12,0.22,Equity Developed Market,30-44,595,2,0,3,0,0,3,0
CUST00000623,32,M,MARRIED,N,UNIVERSITY,U62300,11.37,20.12,0.22,Equity Developed Market,30-44,604,2,1,3,0,1,3,0
CUST00000663,32,M,SINGLE,N,UNIVERSITY,U61753,19.8,19.953,0.0,Equity Developing Market,30-44,641,2,1,3,0,2,2,1
CUST00000784,32,F,MARRIED,Y,SECONDARY,U62402,5.9,24.169,4.9,Equity Developing Market,30-44,759,2,0,2,1,1,4,1
CUST00000815,32,F,MARRIED,N,SECONDARY,U62300,11.37,20.12,0.22,Equity Developed Market,30-44,789,2,0,2,0,1,3,0
CUST00000925,32,M,MARRIED,N,UNIVERSITY,U61753,19.8,19.953,0.0,Equity Developing Market,30-44,895,2,1,3,0,1,2,1
CUST00000005,33,M,MARRIED,N,UNIVERSITY,U43095,6.77,4.183,1.2,Fixed Income,30-44,4,2,1,3,0,1,0,2
CUST00000079,33,F,MARRIED,Y,SECONDARY,U62402,5.9,24.169,4.9,Equity Developing Market,30-44,76,2,0,2,1,1,4,1
CUST00000140,33,F,MARRIED,Y,UNIVERSITY,U62743,4.09,11.095,7.32,Fixed Income,30-44,136,2,0,3,1,1,7,2
CUST00000227,33,F,MARRIED,N,UNIVERSITY,U61753,19.8,19.953,0.0,Equity Developing Market,30-44,221,2,0,3,0,1,2,1
CUST00000243,33,M,SINGLE,N,UNIVERSITY,U62300,11.37,20.12,0.22,Equity Developed Market,30-44,237,2,1,3,0,2,3,0
CUST00000345,33,F,SINGLE,N,UNIVERSITY,U61753,19.8,19.953,0.0,Equity Developing Market,30-44,335,2,0,3,0,2,2,1
CUST00000368,33,F,SINGLE,N,SECONDARY,U62300,11.37,20.12,0.22,Equity Developed Market,30-44,356,2,0,2,0,2,3,0
CUST00000414,33,F,MARRIED,N,SECONDARY,U62300,11.37,20.12,0.22,Equity Developed Market,30-44,402,2,0,2,0,1,3,0
CUST00000418,33,F,MARRIED,N,POSTGRADUATE,U61753,19.8,19.953,0.0,Equity Developing Market,30-44,406,2,0,0,0,1,2,1
CUST00000592,33,M,SINGLE,N,SECONDARY,U62300,11.37,20.12,0.22,Equity Developed Market,30-44,574,2,1,2,0,2,3,0
CUST00000780,33,F,MARRIED,N,UNIVERSITY,U62300,11.37,20.12,0.22,Equity Developed Market,30-44,756,2,0,3,0,1,3,0
CUST00000960,33,F,MARRIED,Y,POSTGRADUATE,U43095,6.77,4.183,1.2,Fixed Income,30-44,929,2,0,0,1,1,0,2
CUST00000081,34,F,MARRIED,Y,SECONDARY,U62743,4.09,11.095,7.32,Fixed Income,30-44,78,2,0,2,1,1,7,2
CUST00000121,34,F,MARRIED,N,POSTGRADUATE,U62300,11.37,20.12,0.22,Equity Developed Market,30-44,118,2,0,0,0,1,3,0
CUST00000144,34,F,SINGLE,N,UNIVERSITY,U43095,6.77,4.183,1.2,Fixed Income,30-44,140,2,0,3,0,2,0,2
CUST00000199,34,M,SINGLE,N,UNIVERSITY,U62300,11.37,20.12,0.22,Equity Developed Market,30-44,194,2,1,3,0,2,3,0
CUST00000258,34,M,MARRIED,N,UNIVERSITY,U43095,6.77,4.183,1.2,Fixed Income,30-44,251,2,1,3,0,1,0,2
CUST00000285,34,M,MARRIED,Y,UNIVERSITY,U43095,6.77,4.183,1.2,Fixed Income,30-44,277,2,1,3,1,1,0,2
CUST00000398,34,M,SINGLE,N,UNIVERSITY,U62300,11.37,20.12,0.22,Equity Developed Market,30-44,386,2,1,3,0,2,3,0
CUST00000402,34,M,DIVORCED,Y,POSTGRADUATE,U43095,6.77,4.183,1.2,Fixed Income,30-44,390,2,1,0,1,0,0,2
CUST00000496,34,M,MARRIED,N,UNIVERSITY,U61753,19.8,19.953,0.0,Equity Developing Market,30-44,482,2,1,3,0,1,2,1
CUST00000622,34,F,MARRIED,Y,UNIVERSITY,U43095,6.77,4.183,1.2,Fixed Income,30-44,603,2,0,3,1,1,0,2
CUST00000640,34,F,SINGLE,N,UNIVERSITY,U43095,6.77,4.183,1.2,Fixed Income,30-44,620,2,0,3,0,2,0,2
CUST00000677,34,F,MARRIED,N,SECONDARY,U43095,6.77,4.183,1.2,Fixed Income,30-44,654,2,0,2,0,1,0,2
CUST00000755,34,F,MARRIED,N,POSTGRADUATE,U62300,11.37,20.12,0.22,Equity Developed Market,30-44,732,2,0,0,0,1,3,0
CUST00000766,34,F,MARRIED,Y,SECONDARY,U62402,5.9,24.169,4.9,Equity Developing Market,30-44,742,2,0,2,1,1,4,1
CUST00000789,34,F,MARRIED,Y,PRIMARY,U62743,4.09,11.095,7.32,Fixed Income,30-44,763,2,0,1,1,1,7,2
CUST00000802,34,F,MARRIED,N,SECONDARY,U61753,19.8,19.953,0.0,Equity Developing Market,30-44,776,2,0,2,0,1,2,1
CUST00000811,34,F,MARRIED,Y,UNIVERSITY,U43095,6.77,4.183,1.2,Fixed Income,30-44,785,2,0,3,1,1,0,2
CUST00000828,34,M,SINGLE,N,UNIVERSITY,U62300,11.37,20.12,0.22,Equity Developed Market,30-44,802,2,1,3,0,2,3,0
CUST00000874,34,F,SINGLE,N,POSTGRADUATE,U62300,11.37,20.12,0.22,Equity Developed Market,30-44,847,2,0,0,0,2,3,0
CUST00000941,34,M,SINGLE,N,POSTGRADUATE,U62743,4.09,11.095,7.32,Fixed Income,30-44,910,2,1,0,0,2,7,2
CUST00000950,34,F,SINGLE,N,UNIVERSITY,U43095,6.77,4.183,1.2,Fixed Income,30-44,919,2,0,3,0,2,0,2
CUST00000055,35,M,MARRIED,N,SECONDARY,U43095,6.77,4.183,1.2,Fixed Income,30-44,52,2,1,2,0,1,0,2
CUST00000205,35,F,MARRIED,Y,SECONDARY,U62743,4.09,11.095,7.32,Fixed Income,30-44,199,2,0,2,1,1,7,2
CUST00000232,35,F,MARRIED,N,POSTGRADUATE,U62300,11.37,20.12,0.22,Equity Developed Market,30-44,226,2,0,0,0,1,3,0
CUST00000272,35,F,MARRIED,Y,UNIVERSITY,U43095,6.77,4.183,1.2,Fixed Income,30-44,265,2,0,3,1,1,0,2
CUST00000311,35,M,MARRIED,Y,UNIVERSITY,U43095,6.77,4.183,1.2,Fixed Income,30-44,303,2,1,3,1,1,0,2
CUST00000415,35,M,SINGLE,N,PRIMARY,U43095,6.77,4.183,1.2,Fixed Income,30-44,403,2,1,1,0,2,0,2
CUST00000449,35,F,MARRIED,N,SECONDARY,U61753,19.8,19.953,0.0,Equity Developing Market,30-44,437,2,0,2,0,1,2,1
CUST00000512,35,M,MARRIED,N,UNIVERSITY,U62300,11.37,20.12,0.22,Equity Developed Market,30-44,498,2,1,3,0,1,3,0
CUST00000543,35,M,MARRIED,N,UNIVERSITY,U62300,11.37,20.12,0.22,Equity Developed Market,30-44,527,2,1,3,0,1,3,0
CUST00000566,35,M,MARRIED,N,UNIVERSITY,U61753,19.8,19.953,0.0,Equity Developing Market,30-44,549,2,1,3,0,1,2,1
CUST00000573,35,M,MARRIED,N,UNIVERSITY,U62743,4.09,11.095,7.32,Fixed Income,30-44,556,2,1,3,0,1,7,2
CUST00000646,35,M,MARRIED,N,UNIVERSITY,U62300,11.37,20.12,0.22,Equity Developed Market,30-44,625,2,1,3,0,1,3,0
CUST00000701,35,M,MARRIED,Y,SECONDARY,U62743,4.09,11.095,7.32,Fixed Income,30-44,678,2,1,2,1,1,7,2
CUST00000703,35,F,MARRIED,N,POSTGRADUATE,U62300,11.37,20.12,0.22,Equity Developed Market,30-44,680,2,0,0,0,1,3,0
CUST00000719,35,F,MARRIED,Y,SECONDARY,U62516,5.8,11.375,2.73,Equity Developed Market,30-44,696,2,0,2,1,1,5,0
CUST00000751,35,F,MARRIED,N,SECONDARY,U62300,11.37,20.12,0.22,Equity Developed Market,30-44,728,2,0,2,0,1,3,0
CUST00000770,35,F,MARRIED,Y,UNIVERSITY,U62743,4.09,11.095,7.32,Fixed Income,30-44,746,2,0,3,1,1,7,2
CUST00000952,35,M,SINGLE,N,UNIVERSITY,U62300,11.37,20.12,0.22,Equity Developed Market,30-44,921,2,1,3,0,2,3,0
CUST00000958,35,M,MARRIED,N,UNIVERSITY,U62300,11.37,20.12,0.22,Equity Developed Market,30-44,927,2,1,3,0,1,3,0
CUST00000988,35,F,MARRIED,N,UNIVERSITY,U62300,11.37,20.12,0.22,Equity Developed Market,30-44,956,2,0,3,0,1,3,0
CUST00000040,36,M,MARRIED,Y,UNIVERSITY,U62743,4.09,11.095,7.32,Fixed Income,30-44,37,2,1,3,1,1,7,2
CUST00000221,36,F,MARRIED,N,SECONDARY,U61753,19.8,19.953,0.0,Equity Developing Market,30-44,215,2,0,2,0,1,2,1
CUST00000260,36,F,MARRIED,N,UNIVERSITY,U61753,19.8,19.953,0.0,Equity Developing Market,30-44,253,2,0,3,0,1,2,1
CUST00000386,36,M,MARRIED,N,UNIVERSITY,U43095,6.77,4.183,1.2,Fixed Income,30-44,374,2,1,3,0,1,0,2
CUST00000403,36,F,MARRIED,Y,UNIVERSITY,U62743,4.09,11.095,7.32,Fixed Income,30-44,391,2,0,3,1,1,7,2
CUST00000458,36,F,MARRIED,Y,UNIVERSITY,U62743,4.09,11.095,7.32,Fixed Income,30-44,445,2,0,3,1,1,7,2
CUST00000525,36,M,MARRIED,N,SECONDARY,U62300,11.37,20.12,0.22,Equity Developed Market,30-44,510,2,1,2,0,1,3,0
CUST00000611,36,F,MARRIED,Y,POSTGRADUATE,U62743,4.09,11.095,7.32,Fixed Income,30-44,592,2,0,0,1,1,7,2
CUST00000628,36,M,MARRIED,N,UNIVERSITY,U62300,11.37,20.12,0.22,Equity Developed Market,30-44,609,2,1,3,0,1,3,0
CUST00000670,36,M,MARRIED,N,SECONDARY,U62300,11.37,20.12,0.22,Equity Developed Market,30-44,648,2,1,2,0,1,3,0
CUST00000782,36,M,MARRIED,Y,PRIMARY,U62402,5.9,24.169,4.9,Equity Developing Market,30-44,757,2,1,1,1,1,4,1
CUST00000831,36,F,MARRIED,Y,UNIVERSITY,U43095,6.77,4.183,1.2,Fixed Income,30-44,805,2,0,3,1,1,0,2
CUST00000884,36,M,SINGLE,N,POSTGRADUATE,U43095,6.77,4.183,1.2,Fixed Income,30-44,857,2,1,0,0,2,0,2
CUST00000889,36,F,MARRIED,N,UNIVERSITY,U62300,11.37,20.12,0.22,Equity Developed Market,30-44,861,2,0,3,0,1,3,0
CUST00000944,36,F,MARRIED,Y,SECONDARY,U62402,5.9,24.169,4.9,Equity Developing Market,30-44,913,2,0,2,1,1,4,1
CUST00000049,37,F,MARRIED,Y,POSTGRADUATE,U43095,6.77,4.183,1.2,Fixed Income,30-44,46,2,0,0,1,1,0,2
CUST00000067,37,M,SINGLE,N,SECONDARY,U62300,11.37,20.12,0.22,Equity Developed Market,30-44,64,2,1,2,0,2,3,0
CUST00000082,37,F,MARRIED,Y,UNIVERSITY,U43095,6.77,4.183,1.2,Fixed Income,30-44,79,2,0,3,1,1,0,2
CUST00000145,37,M,MARRIED,N,SECONDARY,U62300,11.37,20.12,0.22,Equity Developed Market,30-44,141,2,1,2,0,1,3,0
CUST00000151,37,F,MARRIED,N,UNIVERSITY,U61753,19.8,19.953,0.0,Equity Developing Market,30-44,146,2,0,3,0,1,2,1
CUST00000532,37,F,MARRIED,Y,SECONDARY,U62743,4.09,11.095,7.32,Fixed Income,30-44,517,2,0,2,1,1,7,2
CUST00000551,37,F,SINGLE,N,UNIVERSITY,U62300,11.37,20.12,0.22,Equity Developed Market,30-44,535,2,0,3,0,2,3,0
CUST00000682,37,F,MARRIED,N,UNIVERSITY,U62300,11.37,20.12,0.22,Equity Developed Market,30-44,659,2,0,3,0,1,3,0
CUST00000725,37,F,MARRIED,Y,POSTGRADUATE,U43095,6.77,4.183,1.2,Fixed Income,30-44,702,2,0,0,1,1,0,2
CUST00000747,37,M,MARRIED,N,UNIVERSITY,U62300,11.37,20.12,0.22,Equity Developed Market,30-44,724,2,1,3,0,1,3,0
CUST00000808,37,F,MARRIED,Y,SECONDARY,U43095,6.77,4.183,1.2,Fixed Income,30-44,782,2,0,2,1,1,0,2
CUST00000839,37,F,MARRIED,Y,POSTGRADUATE,U62743,4.09,11.095,7.32,Fixed Income,30-44,812,2,0,0,1,1,7,2
CUST00000848,37,F,MARRIED,Y,SECONDARY,U62402,5.9,24.169,4.9,Equity Developing Market,30-44,821,2,0,2,1,1,4,1
CUST00000860,37,F,SINGLE,N,POSTGRADUATE,U62300,11.37,20.12,0.22,Equity Developed Market,30-44,833,2,0,0,0,2,3,0
CUST00000880,37,F,MARRIED,Y,SECONDARY,U62516,5.8,11.375,2.73,Equity Developed Market,30-44,853,2,0,2,1,1,5,0
CUST00000931,37,F,MARRIED,Y,POSTGRADUATE,U62743,4.09,11.095,7.32,Fixed Income,30-44,901,2,0,0,1,1,7,2
CUST00000949,37,F,MARRIED,Y,UNIVERSITY,U43095,6.77,4.183,1.2,Fixed Income,30-44,918,2,0,3,1,1,0,2
CUST00000973,37,F,SINGLE,N,SECONDARY,U62300,11.37,20.12,0.22,Equity Developed Market,30-44,941,2,0,2,0,2,3,0
CUST00000116,38,M,SINGLE,N,SECONDARY,U43095,6.77,4.183,1.2,Fixed Income,30-44,113,2,1,2,0,2,0,2
CUST00000139,38,M,MARRIED,Y,UNIVERSITY,U62743,4.09,11.095,7.32,Fixed Income,30-44,135,2,1,3,1,1,7,2
CUST00000291,38,M,MARRIED,Y,UNIVERSITY,U43095,6.77,4.183,1.2,Fixed Income,30-44,283,2,1,3,1,1,0,2
CUST00000316,38,M,MARRIED,N,UNIVERSITY,U61753,19.8,19.953,0.0,Equity Developing Market,30-44,308,2,1,3,0,1,2,1
CUST00000453,38,M,MARRIED,Y,SECONDARY,U62402,5.9,24.169,4.9,Equity Developing Market,30-44,441,2,1,2,1,1,4,1
CUST00000528,38,F,MARRIED,N,UNIVERSITY,U62300,11.37,20.12,0.22,Equity Developed Market,30-44,513,2,0,3,0,1,3,0
CUST00000564,38,M,MARRIED,N,UNIVERSITY,U61753,19.8,19.953,0.0,Equity Developing Market,30-44,547,2,1,3,0,1,2,1
CUST00000819,38,F,SINGLE,N,SECONDARY,U62300,11.37,20.12,0.22,Equity Developed Market,30-44,793,2,0,2,0,2,3,0
CUST00000974,38,M,MARRIED,Y,UNIVERSITY,U62743,4.09,11.095,7.32,Fixed Income,30-44,942,2,1,3,1,1,7,2
CUST00000150,39,M,SINGLE,N,SECONDARY,U61753,19.8,19.953,0.0,Equity Developing Market,30-44,145,2,1,2,0,2,2,1
CUST00000175,39,F,MARRIED,Y,SECONDARY,U62516,5.8,11.375,2.73,Equity Developed Market,30-44,170,2,0,2,1,1,5,0
CUST00000202,39,M,SINGLE,N,UNIVERSITY,U62300,11.37,20.12,0.22,Equity Developed Market,30-44,197,2,1,3,0,2,3,0
CUST00000246,39,F,MARRIED,Y,UNIVERSITY,U62516,5.8,11.375,2.73,Equity Developed Market,30-44,240,2,0,3,1,1,5,0
CUST00000323,39,F,MARRIED,N,UNIVERSITY,U62300,11.37,20.12,0.22,Equity Developed Market,30-44,315,2,0,3,0,1,3,0
CUST00000333,39,F,MARRIED,Y,POSTGRADUATE,U62516,5.8,11.375,2.73,Equity Developed Market,30-44,324,2,0,0,1,1,5,0
CUST00000346,39,M,MARRIED,N,UNIVERSITY,U61753,19.8,19.953,0.0,Equity Developing Market,30-44,336,2,1,3,0,1,2,1
CUST00000544,39,M,MARRIED,Y,SECONDARY,U62516,5.8,11.375,2.73,Equity Developed Market,30-44,528,2,1,2,1,1,5,0
CUST00000712,39,M,MARRIED,N,UNIVERSITY,U43095,6.77,4.183,1.2,Fixed Income,30-44,689,2,1,3,0,1,0,2
CUST00000729,39,F,SINGLE,N,UNIVERSITY,U62300,11.37,20.12,0.22,Equity Developed Market,30-44,706,2,0,3,0,2,3,0
CUST00000778,39,M,MARRIED,N,SECONDARY,U43095,6.77,4.183,1.2,Fixed Income,30-44,754,2,1,2,0,1,0,2
CUST00000791,39,F,MARRIED,Y,PRIMARY,U62743,4.09,11.095,7.32,Fixed Income,30-44,765,2,0,1,1,1,7,2
CUST00000792,39,M,MARRIED,N,POSTGRADUATE,U61753,19.8,19.953,0.0,Equity Developing Market,30-44,766,2,1,0,0,1,2,1
CUST00000826,39,M,MARRIED,N,SECONDARY,U62300,11.37,20.12,0.22,Equity Developed Market,30-44,800,2,1,2,0,1,3,0
CUST00000854,39,F,MARRIED,Y,UNIVERSITY,U62743,4.09,11.095,7.32,Fixed Income,30-44,827,2,0,3,1,1,7,2
CUST00000908,39,F,MARRIED,Y,UNIVERSITY,U43095,6.77,4.183,1.2,Fixed Income,30-44,880,2,0,3,1,1,0,2
CUST00000039,40,F,SINGLE,N,SECONDARY,U61753,19.8,19.953,0.0,Equity Developing Market,30-44,36,2,0,2,0,2,2,1
CUST00000112,40,F,SINGLE,N,SECONDARY,U62300,11.37,20.12,0.22,Equity Developed Market,30-44,109,2,0,2,0,2,3,0
CUST00000131,40,F,SINGLE,N,SECONDARY,U43095,6.77,4.183,1.2,Fixed Income,30-44,128,2,0,2,0,2,0,2
CUST00000204,40,F,MARRIED,Y,SECONDARY,U62743,4.09,11.095,7.32,Fixed Income,30-44,198,2,0,2,1,1,7,2
CUST00000217,40,F,MARRIED,N,POSTGRADUATE,U43095,6.77,4.183,1.2,Fixed Income,30-44,211,2,0,0,0,1,0,2
CUST00000233,40,F,MARRIED,N,SECONDARY,U43095,6.77,4.183,1.2,Fixed Income,30-44,227,2,0,2,0,1,0,2
CUST00000275,40,M,MARRIED,N,UNIVERSITY,U43095,6.77,4.183,1.2,Fixed Income,30-44,267,2,1,3,0,1,0,2
CUST00000313,40,F,MARRIED,Y,UNIVERSITY,U43095,6.77,4.183,1.2,Fixed Income,30-44,305,2,0,3,1,1,0,2
CUST00000364,40,F,SINGLE,N,SECONDARY,U61753,19.8,19.953,0.0,Equity Developing Market,30-44,352,2,0,2,0,2,2,1
CUST00000443,40,M,MARRIED,N,UNIVERSITY,U61753,19.8,19.953,0.0,Equity Developing Market,30-44,431,2,1,3,0,1,2,1
CUST00000465,40,M,MARRIED,Y,UNIVERSITY,U62743,4.09,11.095,7.32,Fixed Income,30-44,452,2,1,3,1,1,7,2
CUST00000466,40,F,MARRIED,N,SECONDARY,U62300,11.37,20.12,0.22,Equity Developed Market,30-44,453,2,0,2,0,1,3,0
CUST00000548,40,M,MARRIED,Y,SECONDARY,U62402,5.9,24.169,4.9,Equity Developing Market,30-44,532,2,1,2,1,1,4,1
CUST00000550,40,F,MARRIED,N,SECONDARY,U61753,19.8,19.953,0.0,Equity Developing Market,30-44,534,2,0,2,0,1,2,1
CUST00000658,40,F,MARRIED,N,UNIVERSITY,U62300,11.37,20.12,0.22,Equity Developed Market,30-44,636,2,0,3,0,1,3,0
CUST00000684,40,F,MARRIED,Y,UNIVERSITY,U62743,4.09,11.095,7.32,Fixed Income,30-44,661,2,0,3,1,1,7,2
CUST00000759,40,M,MARRIED,Y,SECONDARY,U62402,5.9,24.169,4.9,Equity Developing Market,30-44,736,2,1,2,1,1,4,1
CUST00000881,40,M,MARRIED,Y,UNIVERSITY,U62743,4.09,11.095,7.32,Fixed Income,30-44,854,2,1,3,1,1,7,2
CUST00000935,40,F,MARRIED,Y,SECONDARY,U62516,5.8,11.375,2.73,Equity Developed Market,30-44,905,2,0,2,1,1,5,0
CUST00000060,41,F,MARRIED,Y,SECONDARY,U62516,5.8,11.375,2.73,Equity Developed Market,30-44,57,2,0,2,1,1,5,0
CUST00000284,41,M,MARRIED,Y,SECONDARY,U62402,5.9,24.169,4.9,Equity Developing Market,30-44,276,2,1,2,1,1,4,1
CUST00000289,41,F,MARRIED,Y,SECONDARY,U62516,5.8,11.375,2.73,Equity Developed Market,30-44,281,2,0,2,1,1,5,0
CUST00000309,41,F,MARRIED,Y,UNIVERSITY,U62516,5.8,11.375,2.73,Equity Developed Market,30-44,301,2,0,3,1,1,5,0
CUST00000315,41,F,SINGLE,N,UNIVERSITY,U62300,11.37,20.12,0.22,Equity Developed Market,30-44,307,2,0,3,0,2,3,0
CUST00000410,41,F,MARRIED,Y,UNIVERSITY,U62743,4.09,11.095,7.32,Fixed Income,30-44,398,2,0,3,1,1,7,2
CUST00000547,41,F,MARRIED,N,SECONDARY,U61753,19.8,19.953,0.0,Equity Developing Market,30-44,531,2,0,2,0,1,2,1
CUST00000593,41,M,MARRIED,N,PRIMARY,U61753,19.8,19.953,0.0,Equity Developing Market,30-44,575,2,1,1,0,1,2,1
CUST00000624,41,M,MARRIED,Y,POSTGRADUATE,U62743,4.09,11.095,7.32,Fixed Income,30-44,605,2,1,0,1,1,7,2
CUST00000626,41,M,MARRIED,N,SECONDARY,U62300,11.37,20.12,0.22,Equity Developed Market,30-44,607,2,1,2,0,1,3,0
CUST00000685,41,M,SINGLE,N,SECONDARY,U62300,11.37,20.12,0.22,Equity Developed Market,30-44,662,2,1,2,0,2,3,0
CUST00000790,41,M,WIDOWED,N,UNIVERSITY,U61753,19.8,19.953,0.0,Equity Developing Market,30-44,764,2,1,3,0,3,2,1
CUST00000818,41,F,MARRIED,Y,SECONDARY,U62402,5.9,24.169,4.9,Equity Developing Market,30-44,792,2,0,2,1,1,4,1
CUST00000842,41,M,SINGLE,N,SECONDARY,U61753,19.8,19.953,0.0,Equity Developing Market,30-44,815,2,1,2,0,2,2,1
CUST00000846,41,M,MARRIED,Y,SECONDARY,U62743,4.09,11.095,7.32,Fixed Income,30-44,819,2,1,2,1,1,7,2
CUST00000940,41,M,SINGLE,N,SECONDARY,U43095,6.77,4.183,1.2,Fixed Income,30-44,909,2,1,2,0,2,0,2
CUST00000991,41,M,MARRIED,Y,UNIVERSITY,U62516,5.8,11.375,2.73,Equity Developed Market,30-44,959,2,1,3,1,1,5,0
CUST00000138,42,F,MARRIED,Y,POSTGRADUATE,U62743,4.09,11.095,7.32,Fixed Income,30-44,134,2,0,0,1,1,7,2
CUST00000328,42,F,MARRIED,Y,UNIVERSITY,U62743,4.09,11.095,7.32,Fixed Income,30-44,320,2,0,3,1,1,7,2
CUST00000379,42,M,MARRIED,Y,SECONDARY,U62743,4.09,11.095,7.32,Fixed Income,30-44,367,2,1,2,1,1,7,2
CUST00000397,42,M,MARRIED,Y,POSTGRADUATE,U62516,5.8,11.375,2.73,Equity Developed Market,30-44,385,2,1,0,1,1,5,0
CUST00000416,42,F,MARRIED,Y,SECONDARY,U62743,4.09,11.095,7.32,Fixed Income,30-44,404,2,0,2,1,1,7,2
CUST00000462,42,F,MARRIED,Y,UNIVERSITY,U62743,4.09,11.095,7.32,Fixed Income,30-44,449,2,0,3,1,1,7,2
CUST00000469,42,M,MARRIED,Y,UNIVERSITY,U43095,6.77,4.183,1.2,Fixed Income,30-44,456,2,1,3,1,1,0,2
CUST00000667,42,F,MARRIED,Y,SECONDARY,U62743,4.09,11.095,7.32,Fixed Income,30-44,645,2,0,2,1,1,7,2
CUST00000695,42,M,MARRIED,N,UNIVERSITY,U61753,19.8,19.953,0.0,Equity Developing Market,30-44,672,2,1,3,0,1,2,1
CUST00000718,42,F,MARRIED,N,SECONDARY,U43095,6.77,4.183,1.2,Fixed Income,30-44,695,2,0,2,0,1,0,2
CUST00000810,42,M,MARRIED,Y,POSTGRADUATE,U43095,6.77,4.183,1.2,Fixed Income,30-44,784,2,1,0,1,1,0,2
CUST00000827,42,M,MARRIED,Y,SECONDARY,U62402,5.9,24.169,4.9,Equity Developing Market,30-44,801,2,1,2,1,1,4,1
CUST00000853,42,F,MARRIED,Y,UNIVERSITY,U43095,6.77,4.183,1.2,Fixed Income,30-44,826,2,0,3,1,1,0,2
CUST00000019,43,M,MARRIED,N,SECONDARY,U62300,11.37,20.12,0.22,Equity Developed Market,30-44,17,2,1,2,0,1,3,0
CUST00000036,43,F,MARRIED,Y,SECONDARY,U62743,4.09,11.095,7.32,Fixed Income,30-44,33,2,0,2,1,1,7,2
CUST00000174,43,M,MARRIED,N,SECONDARY,U61753,19.8,19.953,0.0,Equity Developing Market,30-44,169,2,1,2,0,1,2,1
CUST00000185,43,M,MARRIED,N,SECONDARY,U62402,5.9,24.169,4.9,Equity Developing Market,30-44,180,2,1,2,0,1,4,1
CUST00000344,43,F,MARRIED,Y,PRIMARY,U62743,4.09,11.095,7.32,Fixed Income,30-44,334,2,0,1,1,1,7,2
CUST00000351,43,F,MARRIED,Y,PRIMARY,U62743,4.09,11.095,7.32,Fixed Income,30-44,341,2,0,1,1,1,7,2
CUST00000378,43,F,MARRIED,N,SECONDARY,U62300,11.37,20.12,0.22,Equity Developed Market,30-44,366,2,0,2,0,1,3,0
CUST00000396,43,F,MARRIED,Y,SECONDARY,U62516,5.8,11.375,2.73,Equity Developed Market,30-44,384,2,0,2,1,1,5,0
CUST00000477,43,M,MARRIED,N,SECONDARY,U62300,11.37,20.12,0.22,Equity Developed Market,30-44,463,2,1,2,0,1,3,0
CUST00000481,43,F,MARRIED,N,SECONDARY,U43095,6.77,4.183,1.2,Fixed Income,30-44,467,2,0,2,0,1,0,2
CUST00000485,43,F,MARRIED,Y,UNIVERSITY,U43095,6.77,4.183,1.2,Fixed Income,30-44,471,2,0,3,1,1,0,2
CUST00000530,43,M,MARRIED,Y,SECONDARY,U62402,5.9,24.169,4.9,Equity Developing Market,30-44,515,2,1,2,1,1,4,1
CUST00000693,43,F,MARRIED,N,SECONDARY,U62300,11.37,20.12,0.22,Equity Developed Market,30-44,670,2,0,2,0,1,3,0
CUST00000723,43,F,MARRIED,Y,SECONDARY,U62516,5.8,11.375,2.73,Equity Developed Market,30-44,700,2,0,2,1,1,5,0
CUST00000765,43,F,MARRIED,N,UNIVERSITY,U62300,11.37,20.12,0.22,Equity Developed Market,30-44,741,2,0,3,0,1,3,0
CUST00000777,43,M,SINGLE,N,SECONDARY,U61753,19.8,19.953,0.0,Equity Developing Market,30-44,753,2,1,2,0,2,2,1
CUST00000787,43,M,MARRIED,Y,UNIVERSITY,U62743,4.09,11.095,7.32,Fixed Income,30-44,761,2,1,3,1,1,7,2
CUST00000876,43,F,SINGLE,N,UNIVERSITY,U43095,6.77,4.183,1.2,Fixed Income,30-44,849,2,0,3,0,2,0,2
CUST00000917,43,M,MARRIED,Y,SECONDARY,U62516,5.8,11.375,2.73,Equity Developed Market,30-44,888,2,1,2,1,1,5,0
CUST00000025,44,F,DIVORCED,Y,SECONDARY,U62516,5.8,11.375,2.73,Equity Developed Market,30-44,22,2,0,2,1,0,5,0
CUST00000044,44,M,SINGLE,N,SECONDARY,U61753,19.8,19.953,0.0,Equity Developing Market,30-44,41,2,1,2,0,2,2,1
CUST00000072,44,M,MARRIED,Y,POSTGRADUATE,U62516,5.8,11.375,2.73,Equity Developed Market,30-44,69,2,1,0,1,1,5,0
CUST00000124,44,F,SINGLE,N,POSTGRADUATE,U62516,5.8,11.375,2.73,Equity Developed Market,30-44,121,2,0,0,0,2,5,0
CUST00000127,44,M,SINGLE,N,SECONDARY,U61753,19.8,19.953,0.0,Equity Developing Market,30-44,124,2,1,2,0,2,2,1
CUST00000292,44,M,MARRIED,Y,SECONDARY,U62402,5.9,24.169,4.9,Equity Developing Market,30-44,284,2,1,2,1,1,4,1
CUST00000304,44,M,MARRIED,N,SECONDARY,U61753,19.8,19.953,0.0,Equity Developing Market,30-44,296,2,1,2,0,1,2,1
CUST00000310,44,M,MARRIED,Y,SECONDARY,U62743,4.09,11.095,7.32,Fixed Income,30-44,302,2,1,2,1,1,7,2
CUST00000394,44,F,MARRIED,N,SECONDARY,U62300,11.37,20.12,0.22,Equity Developed Market,30-44,382,2,0,2,0,1,3,0
CUST00000427,44,F,MARRIED,Y,UNIVERSITY,U62516,5.8,11.375,2.73,Equity Developed Market,30-44,415,2,0,3,1,1,5,0
CUST00000483,44,M,MARRIED,Y,POSTGRADUATE,U62743,4.09,11.095,7.32,Fixed Income,30-44,469,2,1,0,1,1,7,2
CUST00000546,44,F,DIVORCED,Y,POSTGRADUATE,U62743,4.09,11.095,7.32,Fixed Income,30-44,530,2,0,0,1,0,7,2
CUST00000700,44,M,MARRIED,N,UNIVERSITY,U61753,19.8,19.953,0.0,Equity Developing Market,30-44,677,2,1,3,0,1,2,1
CUST00000878,44,M,MARRIED,Y,SECONDARY,U62743,4.09,11.095,7.32,Fixed Income,30-44,851,2,1,2,1,1,7,2
CUST00000975,44,F,SINGLE,N,PRIMARY,U61753,19.8,19.953,0.0,Equity Developing Market,30-44,943,2,0,1,0,2,2,1
CUST00000986,44,F,MARRIED,Y,SECONDARY,U62516,5.8,11.375,2.73,Equity Developed Market,30-44,954,2,0,2,1,1,5,0
CUST00000003,45,F,MARRIED,Y,UNIVERSITY,U43095,6.77,4.183,1.2,Fixed Income,44-54,2,3,0,3,1,1,0,2
CUST00000050,45,M,MARRIED,Y,SECONDARY,U62743,4.09,11.095,7.32,Fixed Income,44-54,47,3,1,2,1,1,7,2
CUST00000088,45,F,MARRIED,Y,UNIVERSITY,U43095,6.77,4.183,1.2,Fixed Income,44-54,85,3,0,3,1,1,0,2
CUST00000108,45,F,SINGLE,N,SECONDARY,U62516,5.8,11.375,2.73,Equity Developed Market,44-54,105,3,0,2,0,2,5,0
CUST00000119,45,F,MARRIED,N,UNIVERSITY,U43095,6.77,4.183,1.2,Fixed Income,44-54,116,3,0,3,0,1,0,2
CUST00000167,45,F,MARRIED,N,PRIMARY,U62516,5.8,11.375,2.73,Equity Developed Market,44-54,162,3,0,1,0,1,5,0
CUST00000172,45,M,DIVORCED,Y,SECONDARY,U43095,6.77,4.183,1.2,Fixed Income,44-54,167,3,1,2,1,0,0,2
CUST00000196,45,F,DIVORCED,N,SECONDARY,U43095,6.77,4.183,1.2,Fixed Income,44-54,191,3,0,2,0,0,0,2
CUST00000212,45,F,MARRIED,N,SECONDARY,U62300,11.37,20.12,0.22,Equity Developed Market,44-54,206,3,0,2,0,1,3,0
CUST00000274,45,M,MARRIED,N,SECONDARY,U62516,5.8,11.375,2.73,Equity Developed Market,44-54,266,3,1,2,0,1,5,0
CUST00000297,45,F,MARRIED,Y,SECONDARY,U43095,6.77,4.183,1.2,Fixed Income,44-54,289,3,0,2,1,1,0,2
CUST00000347,45,M,MARRIED,N,POSTGRADUATE,U62300,11.37,20.12,0.22,Equity Developed Market,44-54,337,3,1,0,0,1,3,0
CUST00000392,45,M,MARRIED,Y,POSTGRADUATE,U43095,6.77,4.183,1.2,Fixed Income,44-54,380,3,1,0,1,1,0,2
CUST00000452,45,M,MARRIED,Y,UNIVERSITY,U62743,4.09,11.095,7.32,Fixed Income,44-54,440,3,1,3,1,1,7,2
CUST00000484,45,F,MARRIED,Y,SECONDARY,U43095,6.77,4.183,1.2,Fixed Income,44-54,470,3,0,2,1,1,0,2
CUST00000571,45,F,MARRIED,Y,POSTGRADUATE,U43095,6.77,4.183,1.2,Fixed Income,44-54,554,3,0,0,1,1,0,2
CUST00000580,45,F,MARRIED,Y,SECONDARY,U62743,4.09,11.095,7.32,Fixed Income,44-54,563,3,0,2,1,1,7,2
CUST00000797,45,F,SINGLE,N,UNIVERSITY,U43095,6.77,4.183,1.2,Fixed Income,44-54,771,3,0,3,0,2,0,2
CUST00000865,45,F,MARRIED,N,SECONDARY,U43095,6.77,4.183,1.2,Fixed Income,44-54,838,3,0,2,0,1,0,2
CUST00000953,45,F,SINGLE,N,SECONDARY,U62300,11.37,20.12,0.22,Equity Developed Market,44-54,922,3,0,2,0,2,3,0
CUST00000149,46,M,MARRIED,Y,SECONDARY,U43095,6.77,4.183,1.2,Fixed Income,44-54,144,3,1,2,1,1,0,2
CUST00000176,46,M,MARRIED,Y,SECONDARY,U43095,6.77,4.183,1.2,Fixed Income,44-54,171,3,1,2,1,1,0,2
CUST00000231,46,F,MARRIED,N,PRIMARY,U62300,11.37,20.12,0.22,Equity Developed Market,44-54,225,3,0,1,0,1,3,0
CUST00000241,46,M,MARRIED,Y,SECONDARY,U62516,5.8,11.375,2.73,Equity Developed Market,44-54,235,3,1,2,1,1,5,0
CUST00000263,46,M,SINGLE,N,SECONDARY,U62743,4.09,11.095,7.32,Fixed Income,44-54,256,3,1,2,0,2,7,2
CUST00000306,46,M,MARRIED,Y,SECONDARY,U43095,6.77,4.183,1.2,Fixed Income,44-54,298,3,1,2,1,1,0,2
CUST00000389,46,M,MARRIED,Y,SECONDARY,U43095,6.77,4.183,1.2,Fixed Income,44-54,377,3,1,2,1,1,0,2
CUST00000411,46,F,MARRIED,N,UNIVERSITY,U62516,5.8,11.375,2.73,Equity Developed Market,44-54,399,3,0,3,0,1,5,0
CUST00000446,46,M,MARRIED,N,POSTGRADUATE,U62300,11.37,20.12,0.22,Equity Developed Market,44-54,434,3,1,0,0,1,3,0
CUST00000464,46,M,MARRIED,N,SECONDARY,U62300,11.37,20.12,0.22,Equity Developed Market,44-54,451,3,1,2,0,1,3,0
CUST00000507,46,F,MARRIED,Y,SECONDARY,U62300,11.37,20.12,0.22,Equity Developed Market,44-54,493,3,0,2,1,1,3,0
CUST00000540,46,F,MARRIED,Y,UNIVERSITY,U62743,4.09,11.095,7.32,Fixed Income,44-54,524,3,0,3,1,1,7,2
CUST00000687,46,M,MARRIED,Y,PRIMARY,U62743,4.09,11.095,7.32,Fixed Income,44-54,664,3,1,1,1,1,7,2
CUST00000697,46,M,MARRIED,Y,SECONDARY,U62300,11.37,20.12,0.22,Equity Developed Market,44-54,674,3,1,2,1,1,3,0
CUST00000731,46,F,MARRIED,N,UNIVERSITY,U62300,11.37,20.12,0.22,Equity Developed Market,44-54,708,3,0,3,0,1,3,0
CUST00000862,46,M,MARRIED,N,SECONDARY,U43095,6.77,4.183,1.2,Fixed Income,44-54,835,3,1,2,0,1,0,2
CUST00000891,46,M,MARRIED,Y,SECONDARY,U62516,5.8,11.375,2.73,Equity Developed Market,44-54,863,3,1,2,1,1,5,0
CUST00000905,46,M,MARRIED,Y,UNIVERSITY,U43095,6.77,4.183,1.2,Fixed Income,44-54,877,3,1,3,1,1,0,2
CUST00000909,46,F,SINGLE,N,POSTGRADUATE,U62300,11.37,20.12,0.22,Equity Developed Market,44-54,881,3,0,0,0,2,3,0
CUST00000943,46,M,MARRIED,N,PRIMARY,U43095,6.77,4.183,1.2,Fixed Income,44-54,912,3,1,1,0,1,0,2
CUST00000009,47,F,MARRIED,Y,UNIVERSITY,U43095,6.77,4.183,1.2,Fixed Income,44-54,8,3,0,3,1,1,0,2
CUST00000017,47,F,MARRIED,Y,POSTGRADUATE,U62516,5.8,11.375,2.73,Equity Developed Market,44-54,15,3,0,0,1,1,5,0
CUST00000070,47,M,MARRIED,Y,POSTGRADUATE,U62743,4.09,11.095,7.32,Fixed Income,44-54,67,3,1,0,1,1,7,2
CUST00000380,47,M,MARRIED,Y,UNIVERSITY,U43095,6.77,4.183,1.2,Fixed Income,44-54,368,3,1,3,1,1,0,2
CUST00000424,47,M,MARRIED,Y,UNIVERSITY,U43095,6.77,4.183,1.2,Fixed Income,44-54,412,3,1,3,1,1,0,2
CUST00000432,47,F,MARRIED,N,POSTGRADUATE,U62300,11.37,20.12,0.22,Equity Developed Market,44-54,420,3,0,0,0,1,3,0
CUST00000493,47,F,SINGLE,N,PRIMARY,U62300,11.37,20.12,0.22,Equity Developed Market,44-54,479,3,0,1,0,2,3,0
CUST00000502,47,F,MARRIED,N,UNIVERSITY,U62300,11.37,20.12,0.22,Equity Developed Market,44-54,488,3,0,3,0,1,3,0
CUST00000568,47,F,MARRIED,Y,UNIVERSITY,U62743,4.09,11.095,7.32,Fixed Income,44-54,551,3,0,3,1,1,7,2
CUST00000574,47,M,MARRIED,N,UNIVERSITY,U62300,11.37,20.12,0.22,Equity Developed Market,44-54,557,3,1,3,0,1,3,0
CUST00000588,47,F,MARRIED,N,SECONDARY,U62300,11.37,20.12,0.22,Equity Developed Market,44-54,571,3,0,2,0,1,3,0
CUST00000633,47,M,MARRIED,Y,SECONDARY,U62300,11.37,20.12,0.22,Equity Developed Market,44-54,613,3,1,2,1,1,3,0
CUST00000645,47,M,MARRIED,Y,UNIVERSITY,U62516,5.8,11.375,2.73,Equity Developed Market,44-54,624,3,1,3,1,1,5,0
CUST00000803,47,F,MARRIED,N,SECONDARY,U62516,5.8,11.375,2.73,Equity Developed Market,44-54,777,3,0,2,0,1,5,0
CUST00000829,47,F,MARRIED,Y,SECONDARY,U62743,4.09,11.095,7.32,Fixed Income,44-54,803,3,0,2,1,1,7,2
CUST00000844,47,F,MARRIED,Y,SECONDARY,U62743,4.09,11.095,7.32,Fixed Income,44-54,817,3,0,2,1,1,7,2
CUST00000851,47,M,MARRIED,Y,SECONDARY,U43095,6.77,4.183,1.2,Fixed Income,44-54,824,3,1,2,1,1,0,2
CUST00000934,47,M,MARRIED,Y,UNIVERSITY,U43095,6.77,4.183,1.2,Fixed Income,44-54,904,3,1,3,1,1,0,2
CUST00000015,48,F,MARRIED,Y,UNIVERSITY,U62743,4.09,11.095,7.32,Fixed Income,44-54,13,3,0,3,1,1,7,2
CUST00000147,48,M,MARRIED,N,SECONDARY,U43095,6.77,4.183,1.2,Fixed Income,44-54,143,3,1,2,0,1,0,2
CUST00000229,48,M,MARRIED,Y,SECONDARY,U62743,4.09,11.095,7.32,Fixed Income,44-54,223,3,1,2,1,1,7,2
CUST00000367,48,M,MARRIED,N,SECONDARY,U62516,5.8,11.375,2.73,Equity Developed Market,44-54,355,3,1,2,0,1,5,0
CUST00000556,48,F,SINGLE,N,SECONDARY,U43095,6.77,4.183,1.2,Fixed Income,44-54,539,3,0,2,0,2,0,2
CUST00000638,48,F,MARRIED,N,UNIVERSITY,U43095,6.77,4.183,1.2,Fixed Income,44-54,618,3,0,3,0,1,0,2
CUST00000686,48,F,MARRIED,Y,SECONDARY,U62743,4.09,11.095,7.32,Fixed Income,44-54,663,3,0,2,1,1,7,2
CUST00000805,48,M,MARRIED,Y,UNIVERSITY,U43095,6.77,4.183,1.2,Fixed Income,44-54,779,3,1,3,1,1,0,2
CUST00000867,48,F,DIVORCED,Y,PRIMARY,U62516,5.8,11.375,2.73,Equity Developed Market,44-54,840,3,0,1,1,0,5,0
CUST00000869,48,M,SINGLE,N,SECONDARY,U62300,11.37,20.12,0.22,Equity Developed Market,44-54,842,3,1,2,0,2,3,0
CUST00000982,48,F,MARRIED,N,SECONDARY,U62300,11.37,20.12,0.22,Equity Developed Market,44-54,950,3,0,2,0,1,3,0
CUST00000045,49,F,MARRIED,Y,PRIMARY,U62743,4.09,11.095,7.32,Fixed Income,44-54,42,3,0,1,1,1,7,2
CUST00000130,49,F,SINGLE,N,SECONDARY,U43095,6.77,4.183,1.2,Fixed Income,44-54,127,3,0,2,0,2,0,2
CUST00000237,49,M,SINGLE,N,SECONDARY,U43095,6.77,4.183,1.2,Fixed Income,44-54,231,3,1,2,0,2,0,2
CUST00000259,49,F,WIDOWED,Y,SECONDARY,U62743,4.09,11.095,7.32,Fixed Income,44-54,252,3,0,2,1,3,7,2
CUST00000320,49,F,MARRIED,Y,POSTGRADUATE,U43095,6.77,4.183,1.2,Fixed Income,44-54,312,3,0,0,1,1,0,2
CUST00000377,49,M,MARRIED,Y,SECONDARY,U62516,5.8,11.375,2.73,Equity Developed Market,44-54,365,3,1,2,1,1,5,0
CUST00000461,49,M,WIDOWED,N,SECONDARY,U62300,11.37,20.12,0.22,Equity Developed Market,44-54,448,3,1,2,0,3,3,0
CUST00000490,49,M,MARRIED,Y,SECONDARY,U62743,4.09,11.095,7.32,Fixed Income,44-54,476,3,1,2,1,1,7,2
CUST00000523,49,F,SINGLE,N,SECONDARY,U43095,6.77,4.183,1.2,Fixed Income,44-54,508,3,0,2,0,2,0,2
CUST00000565,49,M,MARRIED,Y,SECONDARY,U62516,5.8,11.375,2.73,Equity Developed Market,44-54,548,3,1,2,1,1,5,0
CUST00000606,49,M,MARRIED,Y,SECONDARY,U62743,4.09,11.095,7.32,Fixed Income,44-54,588,3,1,2,1,1,7,2
CUST00000659,49,M,MARRIED,N,POSTGRADUATE,U43095,6.77,4.183,1.2,Fixed Income,44-54,637,3,1,0,0,1,0,2
CUST00000675,49,M,MARRIED,N,SECONDARY,U62300,11.37,20.12,0.22,Equity Developed Market,44-54,652,3,1,2,0,1,3,0
CUST00000699,49,M,MARRIED,Y,SECONDARY,U62743,4.09,11.095,7.32,Fixed Income,44-54,676,3,1,2,1,1,7,2
CUST00000016,50,F,MARRIED,Y,PRIMARY,U62516,5.8,11.375,2.73,Equity Developed Market,44-54,14,3,0,1,1,1,5,0
CUST00000080,50,M,SINGLE,N,SECONDARY,U62300,11.37,20.12,0.22,Equity Developed Market,44-54,77,3,1,2,0,2,3,0
CUST00000087,50,F,MARRIED,Y,UNIVERSITY,U62516,5.8,11.375,2.73,Equity Developed Market,44-54,84,3,0,3,1,1,5,0
CUST00000154,50,F,MARRIED,Y,UNIVERSITY,U43095,6.77,4.183,1.2,Fixed Income,44-54,149,3,0,3,1,1,0,2
CUST00000294,50,F,SINGLE,N,SECONDARY,U62516,5.8,11.375,2.73,Equity Developed Market,44-54,286,3,0,2,0,2,5,0
CUST00000417,50,M,MARRIED,N,SECONDARY,U43095,6.77,4.183,1.2,Fixed Income,44-54,405,3,1,2,0,1,0,2
CUST00000513,50,M,MARRIED,Y,SECONDARY,U62743,4.09,11.095,7.32,Fixed Income,44-54,499,3,1,2,1,1,7,2
CUST00000516,50,F,DIVORCED,N,SECONDARY,U62300,11.37,20.12,0.22,Equity Developed Market,44-54,501,3,0,2,0,0,3,0
CUST00000524,50,F,WIDOWED,N,SECONDARY,U62516,5.8,11.375,2.73,Equity Developed Market,44-54,509,3,0,2,0,3,5,0
CUST00000576,50,F,SINGLE,N,SECONDARY,U62516,5.8,11.375,2.73,Equity Developed Market,44-54,559,3,0,2,0,2,5,0
CUST00000636,50,M,MARRIED,N,SECONDARY,U62300,11.37,20.12,0.22,Equity Developed Market,44-54,616,3,1,2,0,1,3,0
CUST00000649,50,M,MARRIED,N,SECONDARY,U43095,6.77,4.183,1.2,Fixed Income,44-54,628,3,1,2,0,1,0,2
CUST00000678,50,F,MARRIED,Y,UNIVERSITY,U43095,6.77,4.183,1.2,Fixed Income,44-54,655,3,0,3,1,1,0,2
CUST00000680,50,M,MARRIED,Y,SECONDARY,U62516,5.8,11.375,2.73,Equity Developed Market,44-54,657,3,1,2,1,1,5,0
CUST00000716,50,M,MARRIED,N,SECONDARY,U62300,11.37,20.12,0.22,Equity Developed Market,44-54,693,3,1,2,0,1,3,0
CUST00000724,50,M,MARRIED,Y,SECONDARY,U62743,4.09,11.095,7.32,Fixed Income,44-54,701,3,1,2,1,1,7,2
CUST00000959,50,F,MARRIED,Y,UNIVERSITY,U62516,5.8,11.375,2.73,Equity Developed Market,44-54,928,3,0,3,1,1,5,0
CUST00000987,50,M,MARRIED,N,SECONDARY,U62300,11.37,20.12,0.22,Equity Developed Market,44-54,955,3,1,2,0,1,3,0
CUST00000001,51,F,WIDOWED,Y,UNIVERSITY,U43095,6.77,4.183,1.2,Fixed Income,44-54,0,3,0,3,1,3,0,2
CUST00000043,51,M,MARRIED,Y,PRIMARY,U43095,6.77,4.183,1.2,Fixed Income,44-54,40,3,1,1,1,1,0,2
CUST00000068,51,F,MARRIED,Y,PRIMARY,U43095,6.77,4.183,1.2,Fixed Income,44-54,65,3,0,1,1,1,0,2
CUST00000113,51,M,MARRIED,N,POSTGRADUATE,U43095,6.77,4.183,1.2,Fixed Income,44-54,110,3,1,0,0,1,0,2
CUST00000160,51,F,MARRIED,Y,UNIVERSITY,U43095,6.77,4.183,1.2,Fixed Income,44-54,155,3,0,3,1,1,0,2
CUST00000187,51,M,MARRIED,Y,SECONDARY,U62743,4.09,11.095,7.32,Fixed Income,44-54,182,3,1,2,1,1,7,2
CUST00000254,51,F,MARRIED,Y,UNIVERSITY,U43095,6.77,4.183,1.2,Fixed Income,44-54,248,3,0,3,1,1,0,2
CUST00000265,51,M,MARRIED,Y,UNIVERSITY,U43095,6.77,4.183,1.2,Fixed Income,44-54,258,3,1,3,1,1,0,2
CUST00000280,51,M,MARRIED,Y,UNIVERSITY,U43095,6.77,4.183,1.2,Fixed Income,44-54,272,3,1,3,1,1,0,2
CUST00000287,51,F,MARRIED,Y,POSTGRADUATE,U43095,6.77,4.183,1.2,Fixed Income,44-54,279,3,0,0,1,1,0,2
CUST00000361,51,F,MARRIED,N,PRIMARY,U43095,6.77,4.183,1.2,Fixed Income,44-54,350,3,0,1,0,1,0,2
CUST00000450,51,F,DIVORCED,Y,UNIVERSITY,U43095,6.77,4.183,1.2,Fixed Income,44-54,438,3,0,3,1,0,0,2
CUST00000474,51,M,MARRIED,Y,POSTGRADUATE,U62743,4.09,11.095,7.32,Fixed Income,44-54,461,3,1,0,1,1,7,2
CUST00000517,51,M,MARRIED,Y,SECONDARY,U43095,6.77,4.183,1.2,Fixed Income,44-54,502,3,1,2,1,1,0,2
CUST00000681,51,M,DIVORCED,Y,SECONDARY,U62743,4.09,11.095,7.32,Fixed Income,44-54,658,3,1,2,1,0,7,2
CUST00000706,51,F,MARRIED,N,SECONDARY,U43095,6.77,4.183,1.2,Fixed Income,44-54,683,3,0,2,0,1,0,2
CUST00000763,51,M,MARRIED,Y,PRIMARY,U62743,4.09,11.095,7.32,Fixed Income,44-54,740,3,1,1,1,1,7,2
CUST00000890,51,M,MARRIED,Y,SECONDARY,U62516,5.8,11.375,2.73,Equity Developed Market,44-54,862,3,1,2,1,1,5,0
CUST00000963,51,M,SINGLE,N,SECONDARY,U62516,5.8,11.375,2.73,Equity Developed Market,44-54,932,3,1,2,0,2,5,0
CUST00000086,52,F,MARRIED,Y,SECONDARY,U62516,5.8,11.375,2.73,Equity Developed Market,44-54,83,3,0,2,1,1,5,0
CUST00000198,52,F,MARRIED,Y,SECONDARY,U62516,5.8,11.375,2.73,Equity Developed Market,44-54,193,3,0,2,1,1,5,0
CUST00000244,52,F,MARRIED,Y,SECONDARY,U62516,5.8,11.375,2.73,Equity Developed Market,44-54,238,3,0,2,1,1,5,0
CUST00000324,52,M,MARRIED,Y,UNIVERSITY,U43095,6.77,4.183,1.2,Fixed Income,44-54,316,3,1,3,1,1,0,2
CUST00000561,52,M,MARRIED,N,SECONDARY,U43095,6.77,4.183,1.2,Fixed Income,44-54,544,3,1,2,0,1,0,2
CUST00000578,52,F,MARRIED,N,SECONDARY,U62300,11.37,20.12,0.22,Equity Developed Market,44-54,561,3,0,2,0,1,3,0
CUST00000615,52,M,MARRIED,N,SECONDARY,U62300,11.37,20.12,0.22,Equity Developed Market,44-54,596,3,1,2,0,1,3,0
CUST00000772,52,F,SINGLE,N,PRIMARY,U43095,6.77,4.183,1.2,Fixed Income,44-54,748,3,0,1,0,2,0,2
CUST00000821,52,F,MARRIED,Y,SECONDARY,U62516,5.8,11.375,2.73,Equity Developed Market,44-54,795,3,0,2,1,1,5,0
CUST00000886,52,M,MARRIED,N,SECONDARY,U62516,5.8,11.375,2.73,Equity Developed Market,44-54,859,3,1,2,0,1,5,0
CUST00000892,52,F,MARRIED,N,PRIMARY,U62516,5.8,11.375,2.73,Equity Developed Market,44-54,864,3,0,1,0,1,5,0
CUST00000896,52,F,MARRIED,Y,UNIVERSITY,U62743,4.09,11.095,7.32,Fixed Income,44-54,868,3,0,3,1,1,7,2
CUST00000971,52,M,SINGLE,N,UNIVERSITY,U62300,11.37,20.12,0.22,Equity Developed Market,44-54,939,3,1,3,0,2,3,0
CUST00000993,52,M,MARRIED,Y,PRIMARY,U62743,4.09,11.095,7.32,Fixed Income,44-54,961,3,1,1,1,1,7,2
CUST00000046,53,F,MARRIED,Y,SECONDARY,U62516,5.8,11.375,2.73,Equity Developed Market,44-54,43,3,0,2,1,1,5,0
CUST00000100,53,M,MARRIED,N,SECONDARY,U62300,11.37,20.12,0.22,Equity Developed Market,44-54,97,3,1,2,0,1,3,0
CUST00000190,53,M,MARRIED,Y,POSTGRADUATE,U43095,6.77,4.183,1.2,Fixed Income,44-54,185,3,1,0,1,1,0,2
CUST00000214,53,F,MARRIED,Y,SECONDARY,U62743,4.09,11.095,7.32,Fixed Income,44-54,208,3,0,2,1,1,7,2
CUST00000242,53,M,MARRIED,Y,SECONDARY,U62743,4.09,11.095,7.32,Fixed Income,44-54,236,3,1,2,1,1,7,2
CUST00000510,53,F,MARRIED,Y,PRIMARY,U43095,6.77,4.183,1.2,Fixed Income,44-54,496,3,0,1,1,1,0,2
CUST00000575,53,F,MARRIED,Y,SECONDARY,U43095,6.77,4.183,1.2,Fixed Income,44-54,558,3,0,2,1,1,0,2
CUST00000727,53,F,MARRIED,Y,SECONDARY,U62743,4.09,11.095,7.32,Fixed Income,44-54,704,3,0,2,1,1,7,2
CUST00000746,53,M,MARRIED,N,SECONDARY,U62300,11.37,20.12,0.22,Equity Developed Market,44-54,723,3,1,2,0,1,3,0
CUST00000850,53,M,MARRIED,Y,PRIMARY,U62516,5.8,11.375,2.73,Equity Developed Market,44-54,823,3,1,1,1,1,5,0
CUST00000911,53,F,MARRIED,Y,PRIMARY,U62743,4.09,11.095,7.32,Fixed Income,44-54,883,3,0,1,1,1,7,2
CUST00000962,53,M,MARRIED,Y,PRIMARY,U43095,6.77,4.183,1.2,Fixed Income,44-54,931,3,1,1,1,1,0,2
CUST00000153,54,F,MARRIED,N,PRIMARY,U62300,11.37,20.12,0.22,Equity Developed Market,44-54,148,3,0,1,0,1,3,0
CUST00000234,54,F,MARRIED,Y,SECONDARY,U43095,6.77,4.183,1.2,Fixed Income,44-54,228,3,0,2,1,1,0,2
CUST00000330,54,F,MARRIED,Y,SECONDARY,U62743,4.09,11.095,7.32,Fixed Income,44-54,322,3,0,2,1,1,7,2
CUST00000352,54,M,MARRIED,N,UNIVERSITY,U62300,11.37,20.12,0.22,Equity Developed Market,44-54,342,3,1,3,0,1,3,0
CUST00000355,54,F,MARRIED,Y,SECONDARY,U62743,4.09,11.095,7.32,Fixed Income,44-54,344,3,0,2,1,1,7,2
CUST00000356,54,F,MARRIED,Y,UNIVERSITY,U62516,5.8,11.375,2.73,Equity Developed Market,44-54,345,3,0,3,1,1,5,0
CUST00000430,54,F,MARRIED,N,SECONDARY,U43095,6.77,4.183,1.2,Fixed Income,44-54,418,3,0,2,0,1,0,2
CUST00000440,54,M,MARRIED,Y,SECONDARY,U62743,4.09,11.095,7.32,Fixed Income,44-54,428,3,1,2,1,1,7,2
CUST00000503,54,F,MARRIED,Y,PRIMARY,U43095,6.77,4.183,1.2,Fixed Income,44-54,489,3,0,1,1,1,0,2
CUST00000520,54,F,MARRIED,N,SECONDARY,U62516,5.8,11.375,2.73,Equity Developed Market,44-54,505,3,0,2,0,1,5,0
CUST00000602,54,M,SINGLE,N,UNIVERSITY,U43095,6.77,4.183,1.2,Fixed Income,44-54,584,3,1,3,0,2,0,2
CUST00000642,54,F,MARRIED,Y,PRIMARY,U62743,4.09,11.095,7.32,Fixed Income,44-54,622,3,0,1,1,1,7,2
CUST00000705,54,F,MARRIED,Y,PRIMARY,U62743,4.09,11.095,7.32,Fixed Income,44-54,682,3,0,1,1,1,7,2
CUST00000735,54,M,MARRIED,Y,SECONDARY,U43095,6.77,4.183,1.2,Fixed Income,44-54,712,3,1,2,1,1,0,2
CUST00000814,54,M,MARRIED,Y,SECONDARY,U43095,6.77,4.183,1.2,Fixed Income,44-54,788,3,1,2,1,1,0,2
CUST00000840,54,M,MARRIED,Y,SECONDARY,U62743,4.09,11.095,7.32,Fixed Income,44-54,813,3,1,2,1,1,7,2
CUST00000998,54,M,MARRIED,N,PRIMARY,U62516,5.8,11.375,2.73,Equity Developed Market,44-54,966,3,1,1,0,1,5,0
CUST00000136,55,F,MARRIED,Y,PRIMARY,U61753,19.8,19.953,0.0,Equity Developing Market,54-90,132,4,0,1,1,1,2,1
CUST00000206,55,M,DIVORCED,N,PRIMARY,U43261,0.53,10.52,6.4,Multi Asset,54-90,200,4,1,1,0,0,1,3
CUST00000235,55,F,MARRIED,Y,SECONDARY,U43261,0.53,10.52,6.4,Multi Asset,54-90,229,4,0,2,1,1,1,3
CUST00000325,55,M,MARRIED,Y,SECONDARY,U62743,4.09,11.095,7.32,Fixed Income,54-90,317,4,1,2,1,1,7,2
CUST00000366,55,F,DIVORCED,Y,SECONDARY,U62743,4.09,11.095,7.32,Fixed Income,54-90,354,4,0,2,1,0,7,2
CUST00000391,55,M,MARRIED,Y,PRIMARY,U43095,6.77,4.183,1.2,Fixed Income,54-90,379,4,1,1,1,1,0,2
CUST00000451,55,F,MARRIED,N,SECONDARY,U43261,0.53,10.52,6.4,Multi Asset,54-90,439,4,0,2,0,1,1,3
CUST00000455,55,M,MARRIED,Y,SECONDARY,U43261,0.53,10.52,6.4,Multi Asset,54-90,443,4,1,2,1,1,1,3
CUST00000497,55,F,MARRIED,Y,SECONDARY,U43261,0.53,10.52,6.4,Multi Asset,54-90,483,4,0,2,1,1,1,3
CUST00000572,55,F,MARRIED,N,SECONDARY,U43095,6.77,4.183,1.2,Fixed Income,54-90,555,4,0,2,0,1,0,2
CUST00000694,55,M,MARRIED,Y,PRIMARY,U62743,4.09,11.095,7.32,Fixed Income,54-90,671,4,1,1,1,1,7,2
CUST00000722,55,F,MARRIED,Y,POSTGRADUATE,U43261,0.53,10.52,6.4,Multi Asset,54-90,699,4,0,0,1,1,1,3
CUST00000750,55,F,MARRIED,Y,PRIMARY,U43095,6.77,4.183,1.2,Fixed Income,54-90,727,4,0,1,1,1,0,2
CUST00000752,55,M,MARRIED,Y,SECONDARY,U43261,0.53,10.52,6.4,Multi Asset,54-90,729,4,1,2,1,1,1,3
CUST00000756,55,F,WIDOWED,Y,SECONDARY,U43095,6.77,4.183,1.2,Fixed Income,54-90,733,4,0,2,1,3,0,2
CUST00000776,55,F,MARRIED,N,SECONDARY,U43095,6.77,4.183,1.2,Fixed Income,54-90,752,4,0,2,0,1,0,2
CUST00000779,55,F,MARRIED,Y,SECONDARY,U62650,6.52,12.42,2.37,Multi Asset,54-90,755,4,0,2,1,1,6,3
CUST00000877,55,M,MARRIED,Y,SECONDARY,U43261,0.53,10.52,6.4,Multi Asset,54-90,850,4,1,2,1,1,1,3
CUST00000879,55,M,MARRIED,N,UNIVERSITY,U43261,0.53,10.52,6.4,Multi Asset,54-90,852,4,1,3,0,1,1,3
CUST00000894,55,M,MARRIED,Y,SECONDARY,U43261,0.53,10.52,6.4,Multi Asset,54-90,866,4,1,2,1,1,1,3
CUST00000968,55,F,MARRIED,Y,SECONDARY,U43095,6.77,4.183,1.2,Fixed Income,54-90,936,4,0,2,1,1,0,2
CUST00000980,55,F,MARRIED,Y,UNIVERSITY,U43095,6.77,4.183,1.2,Fixed Income,54-90,948,4,0,3,1,1,0,2
CUST00000026,56,M,MARRIED,N,SECONDARY,U43261,0.53,10.52,6.4,Multi Asset,54-90,23,4,1,2,0,1,1,3
CUST00000034,56,F,WIDOWED,N,UNIVERSITY,U62743,4.09,11.095,7.32,Fixed Income,54-90,31,4,0,3,0,3,7,2
CUST00000051,56,M,MARRIED,Y,SECONDARY,U62743,4.09,11.095,7.32,Fixed Income,54-90,48,4,1,2,1,1,7,2
CUST00000069,56,M,MARRIED,N,SECONDARY,U43095,6.77,4.183,1.2,Fixed Income,54-90,66,4,1,2,0,1,0,2
CUST00000094,56,M,MARRIED,Y,UNIVERSITY,U43095,6.77,4.183,1.2,Fixed Income,54-90,91,4,1,3,1,1,0,2
CUST00000104,56,F,MARRIED,Y,SECONDARY,U43261,0.53,10.52,6.4,Multi Asset,54-90,101,4,0,2,1,1,1,3
CUST00000128,56,F,MARRIED,Y,UNIVERSITY,U62743,4.09,11.095,7.32,Fixed Income,54-90,125,4,0,3,1,1,7,2
CUST00000404,56,F,MARRIED,Y,UNIVERSITY,U43261,0.53,10.52,6.4,Multi Asset,54-90,392,4,0,3,1,1,1,3
CUST00000423,56,M,MARRIED,Y,SECONDARY,U43261,0.53,10.52,6.4,Multi Asset,54-90,411,4,1,2,1,1,1,3
CUST00000454,56,F,MARRIED,Y,UNIVERSITY,U43095,6.77,4.183,1.2,Fixed Income,54-90,442,4,0,3,1,1,0,2
CUST00000480,56,F,MARRIED,Y,SECONDARY,U62743,4.09,11.095,7.32,Fixed Income,54-90,466,4,0,2,1,1,7,2
CUST00000562,56,M,MARRIED,Y,UNIVERSITY,U43095,6.77,4.183,1.2,Fixed Income,54-90,545,4,1,3,1,1,0,2
CUST00000669,56,M,MARRIED,Y,SECONDARY,U62743,4.09,11.095,7.32,Fixed Income,54-90,647,4,1,2,1,1,7,2
CUST00000709,56,M,MARRIED,N,SECONDARY,U43261,0.53,10.52,6.4,Multi Asset,54-90,686,4,1,2,0,1,1,3
CUST00000760,56,M,MARRIED,Y,PRIMARY,U43261,0.53,10.52,6.4,Multi Asset,54-90,737,4,1,1,1,1,1,3
CUST00000859,56,M,MARRIED,Y,SECONDARY,U43261,0.53,10.52,6.4,Multi Asset,54-90,832,4,1,2,1,1,1,3
CUST00000915,56,M,MARRIED,Y,SECONDARY,U43261,0.53,10.52,6.4,Multi Asset,54-90,886,4,1,2,1,1,1,3
CUST00000933,56,F,MARRIED,N,SECONDARY,U43261,0.53,10.52,6.4,Multi Asset,54-90,903,4,0,2,0,1,1,3
CUST00000976,56,F,MARRIED,Y,POSTGRADUATE,U43261,0.53,10.52,6.4,Multi Asset,54-90,944,4,0,0,1,1,1,3
CUST00000978,56,F,MARRIED,Y,PRIMARY,U43095,6.77,4.183,1.2,Fixed Income,54-90,946,4,0,1,1,1,0,2
CUST00000985,56,F,MARRIED,Y,SECONDARY,U43261,0.53,10.52,6.4,Multi Asset,54-90,953,4,0,2,1,1,1,3
CUST00000038,57,F,MARRIED,Y,POSTGRADUATE,U43261,0.53,10.52,6.4,Multi Asset,54-90,35,4,0,0,1,1,1,3
CUST00000041,57,M,MARRIED,Y,UNIVERSITY,U62743,4.09,11.095,7.32,Fixed Income,54-90,38,4,1,3,1,1,7,2
CUST00000165,57,M,MARRIED,Y,PRIMARY,U62743,4.09,11.095,7.32,Fixed Income,54-90,160,4,1,1,1,1,7,2
CUST00000207,57,M,MARRIED,Y,SECONDARY,U62743,4.09,11.095,7.32,Fixed Income,54-90,201,4,1,2,1,1,7,2
CUST00000295,57,F,MARRIED,Y,UNIVERSITY,U43261,0.53,10.52,6.4,Multi Asset,54-90,287,4,0,3,1,1,1,3
CUST00000339,57,F,MARRIED,Y,POSTGRADUATE,U43095,6.77,4.183,1.2,Fixed Income,54-90,329,4,0,0,1,1,0,2
CUST00000487,57,M,MARRIED,Y,PRIMARY,U43261,0.53,10.52,6.4,Multi Asset,54-90,473,4,1,1,1,1,1,3
CUST00000541,57,F,MARRIED,Y,UNIVERSITY,U43095,6.77,4.183,1.2,Fixed Income,54-90,525,4,0,3,1,1,0,2
CUST00000563,57,F,MARRIED,Y,SECONDARY,U43261,0.53,10.52,6.4,Multi Asset,54-90,546,4,0,2,1,1,1,3
CUST00000591,57,F,MARRIED,Y,SECONDARY,U43261,0.53,10.52,6.4,Multi Asset,54-90,573,4,0,2,1,1,1,3
CUST00000637,57,F,MARRIED,N,SECONDARY,U43095,6.77,4.183,1.2,Fixed Income,54-90,617,4,0,2,0,1,0,2
CUST00000715,57,F,MARRIED,Y,SECONDARY,U43095,6.77,4.183,1.2,Fixed Income,54-90,692,4,0,2,1,1,0,2
CUST00000744,57,M,SINGLE,N,SECONDARY,U62743,4.09,11.095,7.32,Fixed Income,54-90,721,4,1,2,0,2,7,2
CUST00000883,57,F,MARRIED,Y,PRIMARY,U43261,0.53,10.52,6.4,Multi Asset,54-90,856,4,0,1,1,1,1,3
CUST00000885,57,F,MARRIED,N,UNIVERSITY,U43261,0.53,10.52,6.4,Multi Asset,54-90,858,4,0,3,0,1,1,3
CUST00000914,57,F,MARRIED,N,SECONDARY,U43095,6.77,4.183,1.2,Fixed Income,54-90,885,4,0,2,0,1,0,2
CUST00000118,58,M,MARRIED,Y,SECONDARY,U43261,0.53,10.52,6.4,Multi Asset,54-90,115,4,1,2,1,1,1,3
CUST00000170,58,M,MARRIED,Y,PRIMARY,U62516,5.8,11.375,2.73,Equity Developed Market,54-90,165,4,1,1,1,1,5,0
CUST00000191,58,M,MARRIED,Y,SECONDARY,U43261,0.53,10.52,6.4,Multi Asset,54-90,186,4,1,2,1,1,1,3
CUST00000223,58,F,MARRIED,Y,UNIVERSITY,U43095,6.77,4.183,1.2,Fixed Income,54-90,217,4,0,3,1,1,0,2
CUST00000226,58,F,MARRIED,Y,SECONDARY,U43261,0.53,10.52,6.4,Multi Asset,54-90,220,4,0,2,1,1,1,3
CUST00000261,58,M,MARRIED,Y,UNIVERSITY,U62743,4.09,11.095,7.32,Fixed Income,54-90,254,4,1,3,1,1,7,2
CUST00000281,58,M,DIVORCED,Y,PRIMARY,U43095,6.77,4.183,1.2,Fixed Income,54-90,273,4,1,1,1,0,0,2
CUST00000388,58,M,MARRIED,Y,PRIMARY,U43095,6.77,4.183,1.2,Fixed Income,54-90,376,4,1,1,1,1,0,2
CUST00000422,58,M,MARRIED,Y,PRIMARY,U43261,0.53,10.52,6.4,Multi Asset,54-90,410,4,1,1,1,1,1,3
CUST00000545,58,M,MARRIED,N,SECONDARY,U62743,4.09,11.095,7.32,Fixed Income,54-90,529,4,1,2,0,1,7,2
CUST00000586,58,M,MARRIED,Y,UNIVERSITY,U43095,6.77,4.183,1.2,Fixed Income,54-90,569,4,1,3,1,1,0,2
CUST00000965,58,F,MARRIED,N,SECONDARY,U43095,6.77,4.183,1.2,Fixed Income,54-90,934,4,0,2,0,1,0,2
CUST00000999,58,M,MARRIED,N,SECONDARY,U43095,6.77,4.183,1.2,Fixed Income,54-90,967,4,1,2,0,1,0,2
CUST00000028,59,F,MARRIED,Y,UNIVERSITY,U43095,6.77,4.183,1.2,Fixed Income,54-90,25,4,0,3,1,1,0,2
CUST00000042,59,F,MARRIED,Y,UNIVERSITY,U43095,6.77,4.183,1.2,Fixed Income,54-90,39,4,0,3,1,1,0,2
CUST00000061,59,M,MARRIED,Y,PRIMARY,U62743,4.09,11.095,7.32,Fixed Income,54-90,58,4,1,1,1,1,7,2
CUST00000114,59,F,MARRIED,Y,PRIMARY,U62516,5.8,11.375,2.73,Equity Developed Market,54-90,111,4,0,1,1,1,5,0
CUST00000132,59,F,MARRIED,Y,UNIVERSITY,U43261,0.53,10.52,6.4,Multi Asset,54-90,129,4,0,3,1,1,1,3
CUST00000270,59,F,MARRIED,N,UNIVERSITY,U43261,0.53,10.52,6.4,Multi Asset,54-90,263,4,0,3,0,1,1,3
CUST00000395,59,M,MARRIED,Y,SECONDARY,U43261,0.53,10.52,6.4,Multi Asset,54-90,383,4,1,2,1,1,1,3
CUST00000470,59,M,MARRIED,Y,SECONDARY,U43261,0.53,10.52,6.4,Multi Asset,54-90,457,4,1,2,1,1,1,3
CUST00000668,59,M,MARRIED,Y,PRIMARY,U43261,0.53,10.52,6.4,Multi Asset,54-90,646,4,1,1,1,1,1,3
CUST00000708,59,F,MARRIED,Y,SECONDARY,U43095,6.77,4.183,1.2,Fixed Income,54-90,685,4,0,2,1,1,0,2
CUST00000728,59,M,MARRIED,Y,PRIMARY,U62743,4.09,11.095,7.32,Fixed Income,54-90,705,4,1,1,1,1,7,2
CUST00000823,59,F,MARRIED,Y,UNIVERSITY,U43095,6.77,4.183,1.2,Fixed Income,54-90,797,4,0,3,1,1,0,2
CUST00000910,59,F,MARRIED,Y,SECONDARY,U43261,0.53,10.52,6.4,Multi Asset,54-90,882,4,0,2,1,1,1,3
CUST00000054,60,F,MARRIED,N,POSTGRADUATE,U43261,0.53,10.52,6.4,Multi Asset,54-90,51,4,0,0,0,1,1,3
CUST00000078,60,F,MARRIED,Y,PRIMARY,U62743,4.09,11.095,7.32,Fixed Income,54-90,75,4,0,1,1,1,7,2
CUST00000097,60,M,MARRIED,Y,SECONDARY,U43095,6.77,4.183,1.2,Fixed Income,54-90,94,4,1,2,1,1,0,2
CUST00000115,60,M,MARRIED,Y,PRIMARY,U62516,5.8,11.375,2.73,Equity Developed Market,54-90,112,4,1,1,1,1,5,0
CUST00000129,60,F,MARRIED,Y,SECONDARY,U62743,4.09,11.095,7.32,Fixed Income,54-90,126,4,0,2,1,1,7,2
CUST00000133,60,M,MARRIED,Y,PRIMARY,U43261,0.53,10.52,6.4,Multi Asset,54-90,130,4,1,1,1,1,1,3
CUST00000238,60,M,MARRIED,N,PRIMARY,U43261,0.53,10.52,6.4,Multi Asset,54-90,232,4,1,1,0,1,1,3
CUST00000252,60,M,MARRIED,Y,PRIMARY,U62743,4.09,11.095,7.32,Fixed Income,54-90,246,4,1,1,1,1,7,2
CUST00000413,60,F,MARRIED,N,SECONDARY,U43261,0.53,10.52,6.4,Multi Asset,54-90,401,4,0,2,0,1,1,3
CUST00000471,60,F,MARRIED,N,SECONDARY,U62516,5.8,11.375,2.73,Equity Developed Market,54-90,458,4,0,2,0,1,5,0
CUST00000478,60,F,MARRIED,Y,UNIVERSITY,U43261,0.53,10.52,6.4,Multi Asset,54-90,464,4,0,3,1,1,1,3
CUST00000918,60,F,MARRIED,Y,POSTGRADUATE,U62650,6.52,12.42,2.37,Multi Asset,54-90,889,4,0,0,1,1,6,3
CUST00000961,60,F,MARRIED,Y,POSTGRADUATE,U43095,6.77,4.183,1.2,Fixed Income,54-90,930,4,0,0,1,1,0,2
CUST00000014,61,M,SINGLE,N,POSTGRADUATE,U62743,4.09,11.095,7.32,Fixed Income,54-90,12,4,1,0,0,2,7,2
CUST00000029,61,M,MARRIED,Y,PRIMARY,U62743,4.09,11.095,7.32,Fixed Income,54-90,26,4,1,1,1,1,7,2
CUST00000032,61,F,MARRIED,Y,SECONDARY,U43261,0.53,10.52,6.4,Multi Asset,54-90,29,4,0,2,1,1,1,3
CUST00000077,61,F,MARRIED,Y,POSTGRADUATE,U43261,0.53,10.52,6.4,Multi Asset,54-90,74,4,0,0,1,1,1,3
CUST00000111,61,F,MARRIED,Y,PRIMARY,U43261,0.53,10.52,6.4,Multi Asset,54-90,108,4,0,1,1,1,1,3
CUST00000152,61,F,MARRIED,Y,SECONDARY,U43261,0.53,10.52,6.4,Multi Asset,54-90,147,4,0,2,1,1,1,3
CUST00000224,61,M,MARRIED,Y,SECONDARY,U43261,0.53,10.52,6.4,Multi Asset,54-90,218,4,1,2,1,1,1,3
CUST00000267,61,M,MARRIED,Y,SECONDARY,U43261,0.53,10.52,6.4,Multi Asset,54-90,260,4,1,2,1,1,1,3
CUST00000269,61,M,MARRIED,Y,SECONDARY,U43261,0.53,10.52,6.4,Multi Asset,54-90,262,4,1,2,1,1,1,3
CUST00000318,61,M,MARRIED,Y,UNIVERSITY,U43095,6.77,4.183,1.2,Fixed Income,54-90,310,4,1,3,1,1,0,2
CUST00000340,61,M,SINGLE,N,SECONDARY,U62743,4.09,11.095,7.32,Fixed Income,54-90,330,4,1,2,0,2,7,2
CUST00000420,61,F,MARRIED,Y,POSTGRADUATE,U43261,0.53,10.52,6.4,Multi Asset,54-90,408,4,0,0,1,1,1,3
CUST00000604,61,F,MARRIED,N,PRIMARY,U62743,4.09,11.095,7.32,Fixed Income,54-90,586,4,0,1,0,1,7,2
CUST00000652,61,F,MARRIED,Y,UNIVERSITY,U62650,6.52,12.42,2.37,Multi Asset,54-90,630,4,0,3,1,1,6,3
CUST00000742,61,M,SINGLE,N,PRIMARY,U43261,0.53,10.52,6.4,Multi Asset,54-90,719,4,1,1,0,2,1,3
CUST00000835,61,M,MARRIED,Y,PRIMARY,U43261,0.53,10.52,6.4,Multi Asset,54-90,809,4,1,1,1,1,1,3
CUST00000893,61,F,MARRIED,N,SECONDARY,U43261,0.53,10.52,6.4,Multi Asset,54-90,865,4,0,2,0,1,1,3
CUST00000957,61,F,MARRIED,Y,SECONDARY,U43261,0.53,10.52,6.4,Multi Asset,54-90,926,4,0,2,1,1,1,3
CUST00000970,61,M,MARRIED,Y,PRIMARY,U43261,0.53,10.52,6.4,Multi Asset,54-90,938,4,1,1,1,1,1,3
CUST00000018,62,F,MARRIED,Y,UNIVERSITY,U43261,0.53,10.52,6.4,Multi Asset,54-90,16,4,0,3,1,1,1,3
CUST00000075,62,F,MARRIED,Y,SECONDARY,U43261,0.53,10.52,6.4,Multi Asset,54-90,72,4,0,2,1,1,1,3
CUST00000179,62,M,MARRIED,N,POSTGRADUATE,U62743,4.09,11.095,7.32,Fixed Income,54-90,174,4,1,0,0,1,7,2
CUST00000240,62,F,MARRIED,Y,UNIVERSITY,U43261,0.53,10.52,6.4,Multi Asset,54-90,234,4,0,3,1,1,1,3
CUST00000250,62,F,MARRIED,Y,SECONDARY,U43261,0.53,10.52,6.4,Multi Asset,54-90,244,4,0,2,1,1,1,3
CUST00000262,62,F,MARRIED,Y,SECONDARY,U43095,6.77,4.183,1.2,Fixed Income,54-90,255,4,0,2,1,1,0,2
CUST00000329,62,F,SINGLE,N,SECONDARY,U43261,0.53,10.52,6.4,Multi Asset,54-90,321,4,0,2,0,2,1,3
CUST00000337,62,M,MARRIED,Y,UNIVERSITY,U43261,0.53,10.52,6.4,Multi Asset,54-90,327,4,1,3,1,1,1,3
CUST00000597,62,F,MARRIED,Y,SECONDARY,U62300,11.37,20.12,0.22,Equity Developed Market,54-90,579,4,0,2,1,1,3,0
CUST00000616,62,M,MARRIED,Y,PRIMARY,U43095,6.77,4.183,1.2,Fixed Income,54-90,597,4,1,1,1,1,0,2
CUST00000720,62,M,MARRIED,Y,PRIMARY,U43095,6.77,4.183,1.2,Fixed Income,54-90,697,4,1,1,1,1,0,2
CUST00000798,62,M,WIDOWED,N,PRIMARY,U62743,4.09,11.095,7.32,Fixed Income,54-90,772,4,1,1,0,3,7,2
CUST00000927,62,M,MARRIED,Y,SECONDARY,U43095,6.77,4.183,1.2,Fixed Income,54-90,897,4,1,2,1,1,0,2
CUST00000932,62,F,MARRIED,Y,PRIMARY,U43261,0.53,10.52,6.4,Multi Asset,54-90,902,4,0,1,1,1,1,3
CUST00000983,62,F,MARRIED,N,PRIMARY,U62743,4.09,11.095,7.32,Fixed Income,54-90,951,4,0,1,0,1,7,2
CUST00000056,63,F,MARRIED,Y,SECONDARY,U43261,0.53,10.52,6.4,Multi Asset,54-90,53,4,0,2,1,1,1,3
CUST00000071,63,F,MARRIED,Y,PRIMARY,U43261,0.53,10.52,6.4,Multi Asset,54-90,68,4,0,1,1,1,1,3
CUST00000177,63,F,MARRIED,N,PRIMARY,U43261,0.53,10.52,6.4,Multi Asset,54-90,172,4,0,1,0,1,1,3
CUST00000208,63,F,MARRIED,Y,SECONDARY,U43261,0.53,10.52,6.4,Multi Asset,54-90,202,4,0,2,1,1,1,3
CUST00000216,63,M,MARRIED,Y,SECONDARY,U43095,6.77,4.183,1.2,Fixed Income,54-90,210,4,1,2,1,1,0,2
CUST00000376,63,M,MARRIED,Y,PRIMARY,U43261,0.53,10.52,6.4,Multi Asset,54-90,364,4,1,1,1,1,1,3
CUST00000381,63,M,MARRIED,Y,UNIVERSITY,U43261,0.53,10.52,6.4,Multi Asset,54-90,369,4,1,3,1,1,1,3
CUST00000393,63,F,MARRIED,Y,SECONDARY,U43261,0.53,10.52,6.4,Multi Asset,54-90,381,4,0,2,1,1,1,3
CUST00000467,63,F,MARRIED,Y,SECONDARY,U43095,6.77,4.183,1.2,Fixed Income,54-90,454,4,0,2,1,1,0,2
CUST00000511,63,F,WIDOWED,Y,PRIMARY,U62743,4.09,11.095,7.32,Fixed Income,54-90,497,4,0,1,1,3,7,2
CUST00000519,63,M,MARRIED,Y,PRIMARY,U43095,6.77,4.183,1.2,Fixed Income,54-90,504,4,1,1,1,1,0,2
CUST00000584,63,M,MARRIED,Y,SECONDARY,U43261,0.53,10.52,6.4,Multi Asset,54-90,567,4,1,2,1,1,1,3
CUST00000599,63,F,MARRIED,Y,PRIMARY,U43095,6.77,4.183,1.2,Fixed Income,54-90,581,4,0,1,1,1,0,2
CUST00000736,63,M,WIDOWED,N,SECONDARY,U62743,4.09,11.095,7.32,Fixed Income,54-90,713,4,1,2,0,3,7,2
CUST00000809,63,F,MARRIED,Y,PRIMARY,U43261,0.53,10.52,6.4,Multi Asset,54-90,783,4,0,1,1,1,1,3
CUST00000832,63,F,MARRIED,Y,UNIVERSITY,U43095,6.77,4.183,1.2,Fixed Income,54-90,806,4,0,3,1,1,0,2
CUST00000027,64,M,MARRIED,Y,SECONDARY,U43095,6.77,4.183,1.2,Fixed Income,54-90,24,4,1,2,1,1,0,2
CUST00000107,64,M,MARRIED,Y,PRIMARY,U43261,0.53,10.52,6.4,Multi Asset,54-90,104,4,1,1,1,1,1,3
CUST00000222,64,F,WIDOWED,Y,POSTGRADUATE,U43261,0.53,10.52,6.4,Multi Asset,54-90,216,4,0,0,1,3,1,3
CUST00000230,64,M,MARRIED,Y,SECONDARY,U43261,0.53,10.52,6.4,Multi Asset,54-90,224,4,1,2,1,1,1,3
CUST00000303,64,M,MARRIED,Y,SECONDARY,U43261,0.53,10.52,6.4,Multi Asset,54-90,295,4,1,2,1,1,1,3
CUST00000360,64,F,MARRIED,Y,SECONDARY,U43095,6.77,4.183,1.2,Fixed Income,54-90,349,4,0,2,1,1,0,2
CUST00000399,64,M,MARRIED,N,PRIMARY,U62650,6.52,12.42,2.37,Multi Asset,54-90,387,4,1,1,0,1,6,3
CUST00000526,64,F,MARRIED,Y,UNIVERSITY,U43095,6.77,4.183,1.2,Fixed Income,54-90,511,4,0,3,1,1,0,2
CUST00000618,64,M,MARRIED,Y,PRIMARY,U43095,6.77,4.183,1.2,Fixed Income,54-90,599,4,1,1,1,1,0,2
CUST00000713,64,F,WIDOWED,Y,UNIVERSITY,U43095,6.77,4.183,1.2,Fixed Income,54-90,690,4,0,3,1,3,0,2
CUST00000785,64,M,MARRIED,Y,SECONDARY,U43095,6.77,4.183,1.2,Fixed Income,54-90,760,4,1,2,1,1,0,2
CUST00000804,64,F,MARRIED,N,PRIMARY,U43095,6.77,4.183,1.2,Fixed Income,54-90,778,4,0,1,0,1,0,2
CUST00000806,64,M,SINGLE,N,SECONDARY,U62300,11.37,20.12,0.22,Equity Developed Market,54-90,780,4,1,2,0,2,3,0
CUST00000967,64,F,SINGLE,N,SECONDARY,U43261,0.53,10.52,6.4,Multi Asset,54-90,935,4,0,2,0,2,1,3
CUST00000989,64,F,MARRIED,Y,POSTGRADUATE,U43261,0.53,10.52,6.4,Multi Asset,54-90,957,4,0,0,1,1,1,3
CUST00000059,65,F,MARRIED,Y,PRIMARY,U43095,6.77,4.183,1.2,Fixed Income,54-90,56,4,0,1,1,1,0,2
CUST00000164,65,M,MARRIED,Y,SECONDARY,U43261,0.53,10.52,6.4,Multi Asset,54-90,159,4,1,2,1,1,1,3
CUST00000213,65,F,MARRIED,Y,SECONDARY,U43261,0.53,10.52,6.4,Multi Asset,54-90,207,4,0,2,1,1,1,3
CUST00000247,65,F,MARRIED,Y,SECONDARY,U43261,0.53,10.52,6.4,Multi Asset,54-90,241,4,0,2,1,1,1,3
CUST00000248,65,M,MARRIED,Y,SECONDARY,U62743,4.09,11.095,7.32,Fixed Income,54-90,242,4,1,2,1,1,7,2
CUST00000251,65,F,MARRIED,Y,POSTGRADUATE,U62743,4.09,11.095,7.32,Fixed Income,54-90,245,4,0,0,1,1,7,2
CUST00000301,65,F,MARRIED,N,SECONDARY,U43261,0.53,10.52,6.4,Multi Asset,54-90,293,4,0,2,0,1,1,3
CUST00000459,65,M,MARRIED,Y,SECONDARY,U43095,6.77,4.183,1.2,Fixed Income,54-90,446,4,1,2,1,1,0,2
CUST00000534,65,M,MARRIED,Y,SECONDARY,U43261,0.53,10.52,6.4,Multi Asset,54-90,519,4,1,2,1,1,1,3
CUST00000542,65,M,MARRIED,Y,PRIMARY,U43095,6.77,4.183,1.2,Fixed Income,54-90,526,4,1,1,1,1,0,2
CUST00000559,65,M,MARRIED,N,UNIVERSITY,U43095,6.77,4.183,1.2,Fixed Income,54-90,542,4,1,3,0,1,0,2
CUST00000595,65,M,MARRIED,Y,SECONDARY,U62743,4.09,11.095,7.32,Fixed Income,54-90,577,4,1,2,1,1,7,2
CUST00000605,65,F,MARRIED,N,SECONDARY,U43261,0.53,10.52,6.4,Multi Asset,54-90,587,4,0,2,0,1,1,3
CUST00000607,65,M,MARRIED,Y,SECONDARY,U43261,0.53,10.52,6.4,Multi Asset,54-90,589,4,1,2,1,1,1,3
CUST00000620,65,F,WIDOWED,Y,SECONDARY,U62743,4.09,11.095,7.32,Fixed Income,54-90,601,4,0,2,1,3,7,2
CUST00000635,65,F,WIDOWED,Y,PRIMARY,U43261,0.53,10.52,6.4,Multi Asset,54-90,615,4,0,1,1,3,1,3
CUST00000641,65,F,MARRIED,Y,PRIMARY,U43095,6.77,4.183,1.2,Fixed Income,54-90,621,4,0,1,1,1,0,2
CUST00000676,65,F,MARRIED,Y,PRIMARY,U43261,0.53,10.52,6.4,Multi Asset,54-90,653,4,0,1,1,1,1,3
CUST00000793,65,F,MARRIED,Y,SECONDARY,U62650,6.52,12.42,2.37,Multi Asset,54-90,767,4,0,2,1,1,6,3
CUST00000796,65,F,MARRIED,N,SECONDARY,U43261,0.53,10.52,6.4,Multi Asset,54-90,770,4,0,2,0,1,1,3
CUST00000847,65,M,MARRIED,Y,POSTGRADUATE,U43261,0.53,10.52,6.4,Multi Asset,54-90,820,4,1,0,1,1,1,3
CUST00000012,66,M,MARRIED,Y,POSTGRADUATE,U43095,6.77,4.183,1.2,Fixed Income,54-90,10,4,1,0,1,1,0,2
CUST00000101,66,F,MARRIED,Y,PRIMARY,U43261,0.53,10.52,6.4,Multi Asset,54-90,98,4,0,1,1,1,1,3
CUST00000117,66,M,MARRIED,Y,SECONDARY,U62650,6.52,12.42,2.37,Multi Asset,54-90,114,4,1,2,1,1,6,3
CUST00000159,66,F,MARRIED,Y,UNIVERSITY,U43261,0.53,10.52,6.4,Multi Asset,54-90,154,4,0,3,1,1,1,3
CUST00000276,66,F,MARRIED,Y,PRIMARY,U43261,0.53,10.52,6.4,Multi Asset,54-90,268,4,0,1,1,1,1,3
CUST00000277,66,M,MARRIED,Y,PRIMARY,U43095,6.77,4.183,1.2,Fixed Income,54-90,269,4,1,1,1,1,0,2
CUST00000428,66,F,MARRIED,Y,SECONDARY,U43095,6.77,4.183,1.2,Fixed Income,54-90,416,4,0,2,1,1,0,2
CUST00000504,66,F,MARRIED,Y,SECONDARY,U62743,4.09,11.095,7.32,Fixed Income,54-90,490,4,0,2,1,1,7,2
CUST00000533,66,M,MARRIED,Y,SECONDARY,U43261,0.53,10.52,6.4,Multi Asset,54-90,518,4,1,2,1,1,1,3
CUST00000569,66,M,SINGLE,N,PRIMARY,U43261,0.53,10.52,6.4,Multi Asset,54-90,552,4,1,1,0,2,1,3
CUST00000758,66,F,MARRIED,Y,SECONDARY,U43261,0.53,10.52,6.4,Multi Asset,54-90,735,4,0,2,1,1,1,3
CUST00000864,66,M,MARRIED,Y,SECONDARY,U43261,0.53,10.52,6.4,Multi Asset,54-90,837,4,1,2,1,1,1,3
CUST00000900,66,M,MARRIED,Y,PRIMARY,U62743,4.09,11.095,7.32,Fixed Income,54-90,872,4,1,1,1,1,7,2
CUST00000994,66,F,MARRIED,Y,PRIMARY,U43261,0.53,10.52,6.4,Multi Asset,54-90,962,4,0,1,1,1,1,3
CUST00000030,67,F,MARRIED,Y,UNIVERSITY,U43261,0.53,10.52,6.4,Multi Asset,54-90,27,4,0,3,1,1,1,3
CUST00000063,67,M,MARRIED,Y,SECONDARY,U43095,6.77,4.183,1.2,Fixed Income,54-90,60,4,1,2,1,1,0,2
CUST00000184,67,F,MARRIED,Y,UNIVERSITY,U43095,6.77,4.183,1.2,Fixed Income,54-90,179,4,0,3,1,1,0,2
CUST00000278,67,F,MARRIED,Y,SECONDARY,U43261,0.53,10.52,6.4,Multi Asset,54-90,270,4,0,2,1,1,1,3
CUST00000296,67,M,MARRIED,Y,SECONDARY,U43261,0.53,10.52,6.4,Multi Asset,54-90,288,4,1,2,1,1,1,3
CUST00000312,67,F,MARRIED,N,SECONDARY,U43261,0.53,10.52,6.4,Multi Asset,54-90,304,4,0,2,0,1,1,3
CUST00000369,67,M,DIVORCED,Y,PRIMARY,U62516,5.8,11.375,2.73,Equity Developed Market,54-90,357,4,1,1,1,0,5,0
CUST00000434,67,F,MARRIED,Y,SECONDARY,U43261,0.53,10.52,6.4,Multi Asset,54-90,422,4,0,2,1,1,1,3
CUST00000447,67,F,MARRIED,Y,SECONDARY,U62743,4.09,11.095,7.32,Fixed Income,54-90,435,4,0,2,1,1,7,2
CUST00000505,67,M,MARRIED,Y,UNIVERSITY,U43261,0.53,10.52,6.4,Multi Asset,54-90,491,4,1,3,1,1,1,3
CUST00000632,67,M,MARRIED,Y,POSTGRADUATE,U43095,6.77,4.183,1.2,Fixed Income,54-90,612,4,1,0,1,1,0,2
CUST00000833,67,M,MARRIED,N,SECONDARY,U43261,0.53,10.52,6.4,Multi Asset,54-90,807,4,1,2,0,1,1,3
CUST00000868,67,M,MARRIED,Y,SECONDARY,U43261,0.53,10.52,6.4,Multi Asset,54-90,841,4,1,2,1,1,1,3
CUST00000928,67,M,WIDOWED,Y,UNIVERSITY,U62743,4.09,11.095,7.32,Fixed Income,54-90,898,4,1,3,1,3,7,2
CUST00000013,68,F,DIVORCED,Y,SECONDARY,U62743,4.09,11.095,7.32,Fixed Income,54-90,11,4,0,2,1,0,7,2
CUST00000074,68,F,MARRIED,N,PRIMARY,U43095,6.77,4.183,1.2,Fixed Income,54-90,71,4,0,1,0,1,0,2
CUST00000156,68,F,MARRIED,Y,PRIMARY,U43095,6.77,4.183,1.2,Fixed Income,54-90,151,4,0,1,1,1,0,2
CUST00000183,68,M,MARRIED,Y,SECONDARY,U43261,0.53,10.52,6.4,Multi Asset,54-90,178,4,1,2,1,1,1,3
CUST00000194,68,M,MARRIED,Y,PRIMARY,U62743,4.09,11.095,7.32,Fixed Income,54-90,189,4,1,1,1,1,7,2
CUST00000215,68,M,MARRIED,Y,SECONDARY,U62516,5.8,11.375,2.73,Equity Developed Market,54-90,209,4,1,2,1,1,5,0
CUST00000384,68,M,MARRIED,Y,PRIMARY,U43261,0.53,10.52,6.4,Multi Asset,54-90,372,4,1,1,1,1,1,3
CUST00000401,68,F,MARRIED,Y,PRIMARY,U43261,0.53,10.52,6.4,Multi Asset,54-90,389,4,0,1,1,1,1,3
CUST00000412,68,F,MARRIED,Y,PRIMARY,U43261,0.53,10.52,6.4,Multi Asset,54-90,400,4,0,1,1,1,1,3
CUST00000473,68,M,MARRIED,Y,POSTGRADUATE,U43095,6.77,4.183,1.2,Fixed Income,54-90,460,4,1,0,1,1,0,2
CUST00000702,68,F,MARRIED,Y,UNIVERSITY,U43261,0.53,10.52,6.4,Multi Asset,54-90,679,4,0,3,1,1,1,3
CUST00000734,68,M,MARRIED,Y,SECONDARY,U43095,6.77,4.183,1.2,Fixed Income,54-90,711,4,1,2,1,1,0,2
CUST00000745,68,M,MARRIED,Y,SECONDARY,U62743,4.09,11.095,7.32,Fixed Income,54-90,722,4,1,2,1,1,7,2
CUST00000812,68,F,MARRIED,Y,SECONDARY,U43261,0.53,10.52,6.4,Multi Asset,54-90,786,4,0,2,1,1,1,3
CUST00000838,68,F,SINGLE,N,PRIMARY,U62516,5.8,11.375,2.73,Equity Developed Market,54-90,811,4,0,1,0,2,5,0
CUST00000843,68,F,MARRIED,Y,SECONDARY,U62743,4.09,11.095,7.32,Fixed Income,54-90,816,4,0,2,1,1,7,2
CUST00000008,69,F,MARRIED,Y,UNIVERSITY,U43261,0.53,10.52,6.4,Multi Asset,54-90,7,4,0,3,1,1,1,3
CUST00000073,69,M,MARRIED,Y,SECONDARY,U62743,4.09,11.095,7.32,Fixed Income,54-90,70,4,1,2,1,1,7,2
CUST00000089,69,M,MARRIED,Y,SECONDARY,U62743,4.09,11.095,7.32,Fixed Income,54-90,86,4,1,2,1,1,7,2
CUST00000122,69,M,MARRIED,Y,PRIMARY,U43261,0.53,10.52,6.4,Multi Asset,54-90,119,4,1,1,1,1,1,3
CUST00000146,69,M,MARRIED,Y,PRIMARY,U43095,6.77,4.183,1.2,Fixed Income,54-90,142,4,1,1,1,1,0,2
CUST00000210,69,F,MARRIED,Y,SECONDARY,U43261,0.53,10.52,6.4,Multi Asset,54-90,204,4,0,2,1,1,1,3
CUST00000218,69,M,MARRIED,N,SECONDARY,U62743,4.09,11.095,7.32,Fixed Income,54-90,212,4,1,2,0,1,7,2
CUST00000271,69,F,MARRIED,Y,SECONDARY,U43261,0.53,10.52,6.4,Multi Asset,54-90,264,4,0,2,1,1,1,3
CUST00000405,69,M,SINGLE,N,PRIMARY,U62300,11.37,20.12,0.22,Equity Developed Market,54-90,393,4,1,1,0,2,3,0
CUST00000419,69,M,MARRIED,N,SECONDARY,U62743,4.09,11.095,7.32,Fixed Income,54-90,407,4,1,2,0,1,7,2
CUST00000421,69,F,MARRIED,Y,SECONDARY,U43261,0.53,10.52,6.4,Multi Asset,54-90,409,4,0,2,1,1,1,3
CUST00000508,69,F,MARRIED,Y,SECONDARY,U62743,4.09,11.095,7.32,Fixed Income,54-90,494,4,0,2,1,1,7,2
CUST00000554,69,F,MARRIED,Y,SECONDARY,U43095,6.77,4.183,1.2,Fixed Income,54-90,537,4,0,2,1,1,0,2
CUST00000579,69,F,MARRIED,Y,SECONDARY,U43261,0.53,10.52,6.4,Multi Asset,54-90,562,4,0,2,1,1,1,3
CUST00000634,69,F,MARRIED,Y,POSTGRADUATE,U43261,0.53,10.52,6.4,Multi Asset,54-90,614,4,0,0,1,1,1,3
CUST00000748,69,F,MARRIED,Y,UNIVERSITY,U43095,6.77,4.183,1.2,Fixed Income,54-90,725,4,0,3,1,1,0,2
CUST00000800,69,F,MARRIED,Y,SECONDARY,U43261,0.53,10.52,6.4,Multi Asset,54-90,774,4,0,2,1,1,1,3
CUST00000834,69,M,MARRIED,Y,UNIVERSITY,U43095,6.77,4.183,1.2,Fixed Income,54-90,808,4,1,3,1,1,0,2
CUST00000863,69,M,SINGLE,N,POSTGRADUATE,U43261,0.53,10.52,6.4,Multi Asset,54-90,836,4,1,0,0,2,1,3
CUST00000873,69,F,MARRIED,Y,PRIMARY,U43095,6.77,4.183,1.2,Fixed Income,54-90,846,4,0,1,1,1,0,2
CUST00000972,69,M,MARRIED,Y,PRIMARY,U43261,0.53,10.52,6.4,Multi Asset,54-90,940,4,1,1,1,1,1,3
CUST00000996,69,M,MARRIED,Y,SECONDARY,U43261,0.53,10.52,6.4,Multi Asset,54-90,964,4,1,2,1,1,1,3
CUST00000169,70,F,MARRIED,Y,SECONDARY,U43095,6.77,4.183,1.2,Fixed Income,54-90,164,4,0,2,1,1,0,2
CUST00000300,70,M,MARRIED,Y,SECONDARY,U43095,6.77,4.183,1.2,Fixed Income,54-90,292,4,1,2,1,1,0,2
CUST00000382,70,M,MARRIED,Y,SECONDARY,U43095,6.77,4.183,1.2,Fixed Income,54-90,370,4,1,2,1,1,0,2
CUST00000494,70,F,MARRIED,Y,PRIMARY,U43261,0.53,10.52,6.4,Multi Asset,54-90,480,4,0,1,1,1,1,3
CUST00000674,70,M,MARRIED,Y,PRIMARY,U62300,11.37,20.12,0.22,Equity Developed Market,54-90,651,4,1,1,1,1,3,0
CUST00000689,70,F,MARRIED,N,PRIMARY,U62743,4.09,11.095,7.32,Fixed Income,54-90,666,4,0,1,0,1,7,2
CUST00000726,70,F,MARRIED,Y,UNIVERSITY,U43261,0.53,10.52,6.4,Multi Asset,54-90,703,4,0,3,1,1,1,3
CUST00000732,70,F,MARRIED,Y,SECONDARY,U62743,4.09,11.095,7.32,Fixed Income,54-90,709,4,0,2,1,1,7,2
CUST00000137,71,F,SINGLE,N,SECONDARY,U62743,4.09,11.095,7.32,Fixed Income,54-90,133,4,0,2,0,2,7,2
CUST00000171,71,M,SINGLE,N,PRIMARY,U43261,0.53,10.52,6.4,Multi Asset,54-90,166,4,1,1,0,2,1,3
CUST00000266,71,F,MARRIED,Y,SECONDARY,U43095,6.77,4.183,1.2,Fixed Income,54-90,259,4,0,2,1,1,0,2
CUST00000268,71,M,MARRIED,Y,PRIMARY,U43095,6.77,4.183,1.2,Fixed Income,54-90,261,4,1,1,1,1,0,2
CUST00000501,71,F,MARRIED,Y,SECONDARY,U43261,0.53,10.52,6.4,Multi Asset,54-90,487,4,0,2,1,1,1,3
CUST00000509,71,F,MARRIED,Y,SECONDARY,U43261,0.53,10.52,6.4,Multi Asset,54-90,495,4,0,2,1,1,1,3
CUST00000594,71,F,SINGLE,N,PRIMARY,U62743,4.09,11.095,7.32,Fixed Income,54-90,576,4,0,1,0,2,7,2
CUST00000657,71,F,MARRIED,Y,PRIMARY,U43095,6.77,4.183,1.2,Fixed Income,54-90,635,4,0,1,1,1,0,2
CUST00000664,71,F,MARRIED,Y,SECONDARY,U43261,0.53,10.52,6.4,Multi Asset,54-90,642,4,0,2,1,1,1,3
CUST00000683,71,F,MARRIED,Y,PRIMARY,U43261,0.53,10.52,6.4,Multi Asset,54-90,660,4,0,1,1,1,1,3
CUST00000710,71,F,MARRIED,Y,SECONDARY,U62743,4.09,11.095,7.32,Fixed Income,54-90,687,4,0,2,1,1,7,2
CUST00000754,71,M,MARRIED,Y,PRIMARY,U62743,4.09,11.095,7.32,Fixed Income,54-90,731,4,1,1,1,1,7,2
CUST00000816,71,M,MARRIED,Y,PRIMARY,U43095,6.77,4.183,1.2,Fixed Income,54-90,790,4,1,1,1,1,0,2
CUST00000837,71,M,MARRIED,Y,SECONDARY,U43095,6.77,4.183,1.2,Fixed Income,54-90,810,4,1,2,1,1,0,2
CUST00000866,71,M,MARRIED,Y,PRIMARY,U62743,4.09,11.095,7.32,Fixed Income,54-90,839,4,1,1,1,1,7,2
CUST00000942,71,M,MARRIED,Y,PRIMARY,U43095,6.77,4.183,1.2,Fixed Income,54-90,911,4,1,1,1,1,0,2
CUST00000992,71,F,MARRIED,Y,PRIMARY,U62300,11.37,20.12,0.22,Equity Developed Market,54-90,960,4,0,1,1,1,3,0
CUST00000047,72,M,SINGLE,N,SECONDARY,U62743,4.09,11.095,7.32,Fixed Income,54-90,44,4,1,2,0,2,7,2
CUST00000058,72,F,MARRIED,Y,PRIMARY,U62516,5.8,11.375,2.73,Equity Developed Market,54-90,55,4,0,1,1,1,5,0
CUST00000085,72,M,MARRIED,Y,PRIMARY,U43261,0.53,10.52,6.4,Multi Asset,54-90,82,4,1,1,1,1,1,3
CUST00000095,72,M,MARRIED,Y,SECONDARY,U62650,6.52,12.42,2.37,Multi Asset,54-90,92,4,1,2,1,1,6,3
CUST00000162,72,F,MARRIED,Y,SECONDARY,U43095,6.77,4.183,1.2,Fixed Income,54-90,157,4,0,2,1,1,0,2
CUST00000181,72,F,MARRIED,Y,PRIMARY,U62650,6.52,12.42,2.37,Multi Asset,54-90,176,4,0,1,1,1,6,3
CUST00000370,72,M,MARRIED,Y,UNIVERSITY,U43261,0.53,10.52,6.4,Multi Asset,54-90,358,4,1,3,1,1,1,3
CUST00000407,72,F,MARRIED,Y,PRIMARY,U43261,0.53,10.52,6.4,Multi Asset,54-90,395,4,0,1,1,1,1,3
CUST00000492,72,F,MARRIED,Y,SECONDARY,U62300,11.37,20.12,0.22,Equity Developed Market,54-90,478,4,0,2,1,1,3,0
CUST00000514,72,M,MARRIED,Y,SECONDARY,U62743,4.09,11.095,7.32,Fixed Income,54-90,500,4,1,2,1,1,7,2
CUST00000521,72,F,MARRIED,N,SECONDARY,U43095,6.77,4.183,1.2,Fixed Income,54-90,506,4,0,2,0,1,0,2
CUST00000582,72,M,MARRIED,Y,SECONDARY,U43261,0.53,10.52,6.4,Multi Asset,54-90,565,4,1,2,1,1,1,3
CUST00000585,72,M,MARRIED,Y,PRIMARY,U62743,4.09,11.095,7.32,Fixed Income,54-90,568,4,1,1,1,1,7,2
CUST00000608,72,M,MARRIED,Y,PRIMARY,U43095,6.77,4.183,1.2,Fixed Income,54-90,590,4,1,1,1,1,0,2
CUST00000621,72,M,MARRIED,Y,UNIVERSITY,U43261,0.53,10.52,6.4,Multi Asset,54-90,602,4,1,3,1,1,1,3
CUST00000643,72,F,SINGLE,N,PRIMARY,U43095,6.77,4.183,1.2,Fixed Income,54-90,623,4,0,1,0,2,0,2
CUST00000672,72,F,MARRIED,Y,SECONDARY,U43095,6.77,4.183,1.2,Fixed Income,54-90,649,4,0,2,1,1,0,2
CUST00000698,72,F,MARRIED,Y,PRIMARY,U62300,11.37,20.12,0.22,Equity Developed Market,54-90,675,4,0,1,1,1,3,0
CUST00000753,72,F,MARRIED,Y,SECONDARY,U43095,6.77,4.183,1.2,Fixed Income,54-90,730,4,0,2,1,1,0,2
CUST00000817,72,F,MARRIED,Y,POSTGRADUATE,U43095,6.77,4.183,1.2,Fixed Income,54-90,791,4,0,0,1,1,0,2
CUST00000841,72,F,MARRIED,Y,SECONDARY,U43261,0.53,10.52,6.4,Multi Asset,54-90,814,4,0,2,1,1,1,3
CUST00000916,72,M,MARRIED,Y,PRIMARY,U43095,6.77,4.183,1.2,Fixed Income,54-90,887,4,1,1,1,1,0,2
CUST00000948,72,M,MARRIED,Y,PRIMARY,U43261,0.53,10.52,6.4,Multi Asset,54-90,917,4,1,1,1,1,1,3
CUST00000981,72,F,MARRIED,Y,SECONDARY,U43261,0.53,10.52,6.4,Multi Asset,54-90,949,4,0,2,1,1,1,3
CUST00000024,73,F,WIDOWED,Y,SECONDARY,U43261,0.53,10.52,6.4,Multi Asset,54-90,21,4,0,2,1,3,1,3
CUST00000091,73,F,MARRIED,Y,PRIMARY,U62743,4.09,11.095,7.32,Fixed Income,54-90,88,4,0,1,1,1,7,2
CUST00000141,73,M,MARRIED,Y,UNIVERSITY,U43261,0.53,10.52,6.4,Multi Asset,54-90,137,4,1,3,1,1,1,3
CUST00000225,73,M,MARRIED,Y,PRIMARY,U43261,0.53,10.52,6.4,Multi Asset,54-90,219,4,1,1,1,1,1,3
CUST00000322,73,M,SINGLE,N,PRIMARY,U43261,0.53,10.52,6.4,Multi Asset,54-90,314,4,1,1,0,2,1,3
CUST00000387,73,F,MARRIED,N,PRIMARY,U43261,0.53,10.52,6.4,Multi Asset,54-90,375,4,0,1,0,1,1,3
CUST00000390,73,F,MARRIED,Y,PRIMARY,U43261,0.53,10.52,6.4,Multi Asset,54-90,378,4,0,1,1,1,1,3
CUST00000495,73,F,MARRIED,Y,PRIMARY,U43261,0.53,10.52,6.4,Multi Asset,54-90,481,4,0,1,1,1,1,3
CUST00000619,73,F,MARRIED,Y,SECONDARY,U62743,4.09,11.095,7.32,Fixed Income,54-90,600,4,0,2,1,1,7,2
CUST00000901,73,F,MARRIED,Y,PRIMARY,U43095,6.77,4.183,1.2,Fixed Income,54-90,873,4,0,1,1,1,0,2
CUST00000902,73,M,MARRIED,N,PRIMARY,U43261,0.53,10.52,6.4,Multi Asset,54-90,874,4,1,1,0,1,1,3
CUST00000951,73,M,MARRIED,Y,UNIVERSITY,U43261,0.53,10.52,6.4,Multi Asset,54-90,920,4,1,3,1,1,1,3
CUST00000955,73,F,MARRIED,Y,SECONDARY,U43261,0.53,10.52,6.4,Multi Asset,54-90,924,4,0,2,1,1,1,3
CUST00000979,73,F,SINGLE,N,PRIMARY,U43095,6.77,4.183,1.2,Fixed Income,54-90,947,4,0,1,0,2,0,2
CUST00000011,74,F,SINGLE,N,SECONDARY,U62743,4.09,11.095,7.32,Fixed Income,54-90,9,4,0,2,0,2,7,2
CUST00000211,74,M,MARRIED,Y,SECONDARY,U43095,6.77,4.183,1.2,Fixed Income,54-90,205,4,1,2,1,1,0,2
CUST00000253,74,F,SINGLE,N,PRIMARY,U43095,6.77,4.183,1.2,Fixed Income,54-90,247,4,0,1,0,2,0,2
CUST00000288,74,F,MARRIED,Y,PRIMARY,U43095,6.77,4.183,1.2,Fixed Income,54-90,280,4,0,1,1,1,0,2
CUST00000326,74,F,MARRIED,Y,SECONDARY,U62743,4.09,11.095,7.32,Fixed Income,54-90,318,4,0,2,1,1,7,2
CUST00000342,74,M,SINGLE,N,PRIMARY,U62743,4.09,11.095,7.32,Fixed Income,54-90,332,4,1,1,0,2,7,2
CUST00000406,74,F,MARRIED,Y,PRIMARY,U43095,6.77,4.183,1.2,Fixed Income,54-90,394,4,0,1,1,1,0,2
CUST00000845,74,F,MARRIED,Y,SECONDARY,U43095,6.77,4.183,1.2,Fixed Income,54-90,818,4,0,2,1,1,0,2
CUST00000870,74,M,MARRIED,Y,SECONDARY,U62516,5.8,11.375,2.73,Equity Developed Market,54-90,843,4,1,2,1,1,5,0
CUST00000937,74,M,MARRIED,Y,UNIVERSITY,U43095,6.77,4.183,1.2,Fixed Income,54-90,907,4,1,3,1,1,0,2
CUST00000031,75,F,MARRIED,N,PRIMARY,U43261,0.53,10.52,6.4,Multi Asset,54-90,28,4,0,1,0,1,1,3
CUST00000037,75,F,MARRIED,N,PRIMARY,U43261,0.53,10.52,6.4,Multi Asset,54-90,34,4,0,1,0,1,1,3
CUST00000120,75,M,MARRIED,Y,PRIMARY,U43261,0.53,10.52,6.4,Multi Asset,54-90,117,4,1,1,1,1,1,3
CUST00000209,75,F,MARRIED,Y,PRIMARY,U43261,0.53,10.52,6.4,Multi Asset,54-90,203,4,0,1,1,1,1,3
CUST00000220,75,M,MARRIED,Y,SECONDARY,U43095,6.77,4.183,1.2,Fixed Income,54-90,214,4,1,2,1,1,0,2
CUST00000299,75,F,MARRIED,Y,SECONDARY,U43261,0.53,10.52,6.4,Multi Asset,54-90,291,4,0,2,1,1,1,3
CUST00000314,75,F,MARRIED,Y,PRIMARY,U62743,4.09,11.095,7.32,Fixed Income,54-90,306,4,0,1,1,1,7,2
CUST00000409,75,M,MARRIED,Y,SECONDARY,U43095,6.77,4.183,1.2,Fixed Income,54-90,397,4,1,2,1,1,0,2
CUST00000500,75,M,MARRIED,Y,SECONDARY,U62300,11.37,20.12,0.22,Equity Developed Market,54-90,486,4,1,2,1,1,3,0
CUST00000665,75,M,MARRIED,N,PRIMARY,U43095,6.77,4.183,1.2,Fixed Income,54-90,643,4,1,1,0,1,0,2
CUST00000721,75,F,WIDOWED,Y,PRIMARY,U43095,6.77,4.183,1.2,Fixed Income,54-90,698,4,0,1,1,3,0,2
CUST00000824,75,F,MARRIED,Y,SECONDARY,U62743,4.09,11.095,7.32,Fixed Income,54-90,798,4,0,2,1,1,7,2
CUST00000002,76,F,DIVORCED,Y,SECONDARY,U62743,4.09,11.095,7.32,Fixed Income,54-90,1,4,0,2,1,0,7,2
CUST00000006,76,M,MARRIED,Y,UNIVERSITY,U43095,6.77,4.183,1.2,Fixed Income,54-90,5,4,1,3,1,1,0,2
CUST00000105,76,M,MARRIED,Y,PRIMARY,U43261,0.53,10.52,6.4,Multi Asset,54-90,102,4,1,1,1,1,1,3
CUST00000166,76,M,MARRIED,Y,UNIVERSITY,U43095,6.77,4.183,1.2,Fixed Income,54-90,161,4,1,3,1,1,0,2
CUST00000279,76,M,MARRIED,Y,PRIMARY,U62300,11.37,20.12,0.22,Equity Developed Market,54-90,271,4,1,1,1,1,3,0
CUST00000357,76,F,MARRIED,Y,PRIMARY,U43095,6.77,4.183,1.2,Fixed Income,54-90,346,4,0,1,1,1,0,2
CUST00000442,76,M,DIVORCED,N,SECONDARY,U62743,4.09,11.095,7.32,Fixed Income,54-90,430,4,1,2,0,0,7,2
CUST00000468,76,M,MARRIED,Y,PRIMARY,U62650,6.52,12.42,2.37,Multi Asset,54-90,455,4,1,1,1,1,6,3
CUST00000522,76,M,MARRIED,Y,SECONDARY,U43095,6.77,4.183,1.2,Fixed Income,54-90,507,4,1,2,1,1,0,2
CUST00000653,76,F,MARRIED,Y,PRIMARY,U43261,0.53,10.52,6.4,Multi Asset,54-90,631,4,0,1,1,1,1,3
CUST00000690,76,F,MARRIED,Y,PRIMARY,U62743,4.09,11.095,7.32,Fixed Income,54-90,667,4,0,1,1,1,7,2
CUST00000717,76,M,MARRIED,Y,POSTGRADUATE,U43095,6.77,4.183,1.2,Fixed Income,54-90,694,4,1,0,1,1,0,2
CUST00000771,76,F,MARRIED,Y,UNIVERSITY,U43261,0.53,10.52,6.4,Multi Asset,54-90,747,4,0,3,1,1,1,3
CUST00000849,76,M,MARRIED,Y,PRIMARY,U62650,6.52,12.42,2.37,Multi Asset,54-90,822,4,1,1,1,1,6,3
CUST00000912,76,M,MARRIED,Y,SECONDARY,U62743,4.09,11.095,7.32,Fixed Income,54-90,884,4,1,2,1,1,7,2
CUST00000093,77,M,MARRIED,Y,SECONDARY,U43261,0.53,10.52,6.4,Multi Asset,54-90,90,4,1,2,1,1,1,3
CUST00000126,77,M,MARRIED,N,PRIMARY,U62300,11.37,20.12,0.22,Equity Developed Market,54-90,123,4,1,1,0,1,3,0
CUST00000334,77,M,MARRIED,Y,PRIMARY,U43095,6.77,4.183,1.2,Fixed Income,54-90,325,4,1,1,1,1,0,2
CUST00000488,77,F,MARRIED,Y,PRIMARY,U43261,0.53,10.52,6.4,Multi Asset,54-90,474,4,0,1,1,1,1,3
CUST00000498,77,F,MARRIED,Y,PRIMARY,U43261,0.53,10.52,6.4,Multi Asset,54-90,484,4,0,1,1,1,1,3
CUST00000555,77,M,DIVORCED,N,SECONDARY,U62743,4.09,11.095,7.32,Fixed Income,54-90,538,4,1,2,0,0,7,2
CUST00000557,77,M,MARRIED,Y,UNIVERSITY,U43261,0.53,10.52,6.4,Multi Asset,54-90,540,4,1,3,1,1,1,3
CUST00000587,77,F,MARRIED,Y,SECONDARY,U62650,6.52,12.42,2.37,Multi Asset,54-90,570,4,0,2,1,1,6,3
CUST00000625,77,M,MARRIED,N,PRIMARY,U43261,0.53,10.52,6.4,Multi Asset,54-90,606,4,1,1,0,1,1,3
CUST00000630,77,M,MARRIED,Y,SECONDARY,U62743,4.09,11.095,7.32,Fixed Income,54-90,610,4,1,2,1,1,7,2
CUST00000692,77,F,MARRIED,Y,PRIMARY,U43261,0.53,10.52,6.4,Multi Asset,54-90,669,4,0,1,1,1,1,3
CUST00000904,77,F,MARRIED,Y,POSTGRADUATE,U62743,4.09,11.095,7.32,Fixed Income,54-90,876,4,0,0,1,1,7,2
CUST00000997,77,M,MARRIED,Y,PRIMARY,U43095,6.77,4.183,1.2,Fixed Income,54-90,965,4,1,1,1,1,0,2
CUST00000062,78,M,MARRIED,Y,PRIMARY,U43261,0.53,10.52,6.4,Multi Asset,54-90,59,4,1,1,1,1,1,3
CUST00000193,78,M,MARRIED,N,PRIMARY,U62743,4.09,11.095,7.32,Fixed Income,54-90,188,4,1,1,0,1,7,2
CUST00000195,78,F,MARRIED,Y,PRIMARY,U62650,6.52,12.42,2.37,Multi Asset,54-90,190,4,0,1,1,1,6,3
CUST00000264,78,F,MARRIED,Y,SECONDARY,U62743,4.09,11.095,7.32,Fixed Income,54-90,257,4,0,2,1,1,7,2
CUST00000283,78,M,MARRIED,Y,SECONDARY,U43261,0.53,10.52,6.4,Multi Asset,54-90,275,4,1,2,1,1,1,3
CUST00000319,78,M,MARRIED,N,PRIMARY,U43261,0.53,10.52,6.4,Multi Asset,54-90,311,4,1,1,0,1,1,3
CUST00000341,78,M,MARRIED,Y,PRIMARY,U62743,4.09,11.095,7.32,Fixed Income,54-90,331,4,1,1,1,1,7,2
CUST00000435,78,F,DIVORCED,Y,SECONDARY,U43095,6.77,4.183,1.2,Fixed Income,54-90,423,4,0,2,1,0,0,2
CUST00000436,78,F,SINGLE,N,SECONDARY,U43261,0.53,10.52,6.4,Multi Asset,54-90,424,4,0,2,0,2,1,3
CUST00000437,78,M,MARRIED,Y,PRIMARY,U43095,6.77,4.183,1.2,Fixed Income,54-90,425,4,1,1,1,1,0,2
CUST00000448,78,M,SINGLE,N,PRIMARY,U43261,0.53,10.52,6.4,Multi Asset,54-90,436,4,1,1,0,2,1,3
CUST00000553,78,M,MARRIED,Y,SECONDARY,U43261,0.53,10.52,6.4,Multi Asset,54-90,536,4,1,2,1,1,1,3
CUST00000560,78,M,MARRIED,Y,PRIMARY,U43095,6.77,4.183,1.2,Fixed Income,54-90,543,4,1,1,1,1,0,2
CUST00000596,78,M,MARRIED,N,PRIMARY,U43095,6.77,4.183,1.2,Fixed Income,54-90,578,4,1,1,0,1,0,2
CUST00000631,78,F,MARRIED,Y,PRIMARY,U43095,6.77,4.183,1.2,Fixed Income,54-90,611,4,0,1,1,1,0,2
CUST00000021,79,M,MARRIED,Y,PRIMARY,U62743,4.09,11.095,7.32,Fixed Income,54-90,18,4,1,1,1,1,7,2
CUST00000365,79,M,MARRIED,Y,PRIMARY,U43095,6.77,4.183,1.2,Fixed Income,54-90,353,4,1,1,1,1,0,2
CUST00000375,79,M,MARRIED,Y,SECONDARY,U43095,6.77,4.183,1.2,Fixed Income,54-90,363,4,1,2,1,1,0,2
CUST00000400,79,F,MARRIED,Y,PRIMARY,U43261,0.53,10.52,6.4,Multi Asset,54-90,388,4,0,1,1,1,1,3
CUST00000660,79,M,MARRIED,Y,PRIMARY,U43095,6.77,4.183,1.2,Fixed Income,54-90,638,4,1,1,1,1,0,2
CUST00000679,79,M,MARRIED,Y,PRIMARY,U62743,4.09,11.095,7.32,Fixed Income,54-90,656,4,1,1,1,1,7,2
CUST00000739,79,M,MARRIED,Y,PRIMARY,U43261,0.53,10.52,6.4,Multi Asset,54-90,716,4,1,1,1,1,1,3
CUST00000749,79,M,MARRIED,Y,PRIMARY,U43261,0.53,10.52,6.4,Multi Asset,54-90,726,4,1,1,1,1,1,3
CUST00000773,79,F,MARRIED,Y,SECONDARY,U43095,6.77,4.183,1.2,Fixed Income,54-90,749,4,0,2,1,1,0,2
CUST00000801,79,M,MARRIED,N,SECONDARY,U43261,0.53,10.52,6.4,Multi Asset,54-90,775,4,1,2,0,1,1,3
CUST00000857,79,F,DIVORCED,Y,SECONDARY,U62743,4.09,11.095,7.32,Fixed Income,54-90,830,4,0,2,1,0,7,2
CUST00000887,79,M,WIDOWED,N,PRIMARY,U62743,4.09,11.095,7.32,Fixed Income,54-90,860,4,1,1,0,3,7,2
CUST00000007,80,M,MARRIED,N,SECONDARY,U43261,0.53,10.52,6.4,Multi Asset,54-90,6,4,1,2,0,1,1,3
CUST00000057,80,F,MARRIED,Y,PRIMARY,U43261,0.53,10.52,6.4,Multi Asset,54-90,54,4,0,1,1,1,1,3
CUST00000065,80,F,MARRIED,Y,PRIMARY,U43095,6.77,4.183,1.2,Fixed Income,54-90,62,4,0,1,1,1,0,2
CUST00000173,80,F,DIVORCED,Y,PRIMARY,U43261,0.53,10.52,6.4,Multi Asset,54-90,168,4,0,1,1,0,1,3
CUST00000255,80,M,MARRIED,Y,POSTGRADUATE,U43095,6.77,4.183,1.2,Fixed Income,54-90,249,4,1,0,1,1,0,2
CUST00000282,80,M,DIVORCED,Y,SECONDARY,U62743,4.09,11.095,7.32,Fixed Income,54-90,274,4,1,2,1,0,7,2
CUST00000290,80,M,MARRIED,Y,PRIMARY,U43261,0.53,10.52,6.4,Multi Asset,54-90,282,4,1,1,1,1,1,3
CUST00000349,80,F,SINGLE,N,SECONDARY,U43261,0.53,10.52,6.4,Multi Asset,54-90,339,4,0,2,0,2,1,3
CUST00000438,80,M,SINGLE,N,SECONDARY,U62743,4.09,11.095,7.32,Fixed Income,54-90,426,4,1,2,0,2,7,2
CUST00000463,80,M,SINGLE,N,PRIMARY,U62743,4.09,11.095,7.32,Fixed Income,54-90,450,4,1,1,0,2,7,2
CUST00000491,80,F,MARRIED,Y,PRIMARY,U43261,0.53,10.52,6.4,Multi Asset,54-90,477,4,0,1,1,1,1,3
CUST00000627,80,F,MARRIED,Y,SECONDARY,U62743,4.09,11.095,7.32,Fixed Income,54-90,608,4,0,2,1,1,7,2
CUST00000656,80,F,MARRIED,Y,PRIMARY,U43261,0.53,10.52,6.4,Multi Asset,54-90,634,4,0,1,1,1,1,3
