CUST_NUM,AGE,GENDER,MARITAL,HAVE_CHILD,EDU_LEVEL,CODE,3YEAR_RETURN,STD_DEV,DIVIDEND,ASSET_CLASS
CUST00000134,20,M,SINGLE,N,SECONDARY,U62300,11.37,20.12,0.22,Equity Developed Market
CUST00000155,20,M,SINGLE,N,SECONDARY,U61753,19.8,19.953,0,Equity Developing Market
CUST00000158,20,F,SINGLE,N,SECONDARY,U61753,19.8,19.953,0,Equity Developing Market
CUST00000201,20,M,SINGLE,N,SECONDARY,U61753,19.8,19.953,0,Equity Developing Market
CUST00000426,20,M,SINGLE,N,SECONDARY,U62402,5.9,24.169,4.9,Equity Developing Market
CUST00000537,20,M,SINGLE,N,SECONDARY,U61753,19.8,19.953,0,Equity Developing Market
CUST00000654,20,F,SINGLE,N,SECONDARY,U61753,19.8,19.953,0,Equity Developing Market
CUST00000655,20,F,SINGLE,N,SECONDARY,U61753,19.8,19.953,0,Equity Developing Market
CUST00000661,20,F,SINGLE,N,SECONDARY,U62402,5.9,24.169,4.9,Equity Developing Market
CUST00000743,20,M,SINGLE,N,SECONDARY,U62516,5.8,11.375,2.73,Equity Developed Market
CUST00000921,20,M,SINGLE,N,SECONDARY,U61753,19.8,19.953,0,Equity Developing Market
CUST00000990,20,F,SINGLE,N,SECONDARY,U62300,11.37,20.12,0.22,Equity Developed Market
CUST00000023,21,M,SINGLE,N,UNIVERSITY,U61753,19.8,19.953,0,Equity Developing Market
CUST00000098,21,F,SINGLE,N,SECONDARY,U62300,11.37,20.12,0.22,Equity Developed Market
CUST00000103,21,F,SINGLE,N,UNIVERSITY,U62402,5.9,24.169,4.9,Equity Developing Market
CUST00000142,21,F,SINGLE,N,UNIVERSITY,U61753,19.8,19.953,0,Equity Developing Market
CUST00000180,21,M,SINGLE,N,UNIVERSITY,U62402,5.9,24.169,4.9,Equity Developing Market
CUST00000307,21,M,SINGLE,N,SECONDARY,U62300,11.37,20.12,0.22,Equity Developed Market
CUST00000372,21,F,SINGLE,N,SECONDARY,U62300,11.37,20.12,0.22,Equity Developed Market
CUST00000383,21,M,SINGLE,N,SECONDARY,U61753,19.8,19.953,0,Equity Developing Market
CUST00000444,21,F,SINGLE,N,UNIVERSITY,U62402,5.9,24.169,4.9,Equity Developing Market
CUST00000518,21,F,SINGLE,N,UNIVERSITY,U62300,11.37,20.12,0.22,Equity Developed Market
CUST00000527,21,F,SINGLE,N,UNIVERSITY,U61753,19.8,19.953,0,Equity Developing Market
CUST00000688,21,F,SINGLE,N,UNIVERSITY,U61753,19.8,19.953,0,Equity Developing Market
CUST00000733,21,M,SINGLE,N,UNIVERSITY,U62300,11.37,20.12,0.22,Equity Developed Market
CUST00000740,21,M,SINGLE,N,UNIVERSITY,U62402,5.9,24.169,4.9,Equity Developing Market
CUST00000783,21,F,SINGLE,N,UNIVERSITY,U62300,11.37,20.12,0.22,Equity Developed Market
CUST00000807,21,M,SINGLE,N,UNIVERSITY,U62300,11.37,20.12,0.22,Equity Developed Market
CUST00000830,21,M,SINGLE,N,UNIVERSITY,U61753,19.8,19.953,0,Equity Developing Market
CUST00000855,21,M,SINGLE,N,UNIVERSITY,U62300,11.37,20.12,0.22,Equity Developed Market
CUST00000920,21,M,SINGLE,N,SECONDARY,U62402,5.9,24.169,4.9,Equity Developing Market
CUST00000945,21,F,SINGLE,N,UNIVERSITY,U62300,11.37,20.12,0.22,Equity Developed Market
CUST00000956,21,M,SINGLE,N,SECONDARY,U61753,19.8,19.953,0,Equity Developing Market
CUST00000977,21,F,SINGLE,N,UNIVERSITY,U61753,19.8,19.953,0,Equity Developing Market
CUST00000083,22,F,SINGLE,N,UNIVERSITY,U62402,5.9,24.169,4.9,Equity Developing Market
CUST00000331,22,F,SINGLE,N,SECONDARY,U61753,19.8,19.953,0,Equity Developing Market
CUST00000338,22,F,MARRIED,Y,SECONDARY,U62300,11.37,20.12,0.22,Equity Developed Market
CUST00000385,22,F,SINGLE,N,SECONDARY,U62402,5.9,24.169,4.9,Equity Developing Market
CUST00000567,22,F,SINGLE,N,UNIVERSITY,U62300,11.37,20.12,0.22,Equity Developed Market
CUST00000648,22,M,SINGLE,N,SECONDARY,U61753,19.8,19.953,0,Equity Developing Market
CUST00000650,22,F,SINGLE,N,UNIVERSITY,U61753,19.8,19.953,0,Equity Developing Market
CUST00000714,22,M,SINGLE,N,SECONDARY,U61753,19.8,19.953,0,Equity Developing Market
CUST00000768,22,M,SINGLE,N,UNIVERSITY,U61753,19.8,19.953,0,Equity Developing Market
CUST00000898,22,F,SINGLE,N,SECONDARY,U62402,5.9,24.169,4.9,Equity Developing Market
CUST00000919,22,F,SINGLE,N,UNIVERSITY,U61753,19.8,19.953,0,Equity Developing Market
CUST00000930,22,F,SINGLE,N,SECONDARY,U61753,19.8,19.953,0,Equity Developing Market
CUST00000969,22,M,SINGLE,N,UNIVERSITY,U62300,11.37,20.12,0.22,Equity Developed Market
CUST00000995,22,M,SINGLE,N,UNIVERSITY,U61753,19.8,19.953,0,Equity Developing Market
CUST00000092,23,F,SINGLE,N,UNIVERSITY,U61753,19.8,19.953,0,Equity Developing Market
CUST00000096,23,M,SINGLE,N,UNIVERSITY,U61753,19.8,19.953,0,Equity Developing Market
CUST00000228,23,M,MARRIED,Y,SECONDARY,U62402,5.9,24.169,4.9,Equity Developing Market
CUST00000236,23,F,MARRIED,N,SECONDARY,U62300,11.37,20.12,0.22,Equity Developed Market
CUST00000359,23,F,SINGLE,N,UNIVERSITY,U61753,19.8,19.953,0,Equity Developing Market
CUST00000373,23,F,SINGLE,N,UNIVERSITY,U62300,11.37,20.12,0.22,Equity Developed Market
CUST00000408,23,F,MARRIED,N,UNIVERSITY,U61753,19.8,19.953,0,Equity Developing Market
CUST00000431,23,M,SINGLE,N,SECONDARY,U61753,19.8,19.953,0,Equity Developing Market
CUST00000456,23,F,SINGLE,N,UNIVERSITY,U61753,19.8,19.953,0,Equity Developing Market
CUST00000499,23,F,SINGLE,N,SECONDARY,U61753,19.8,19.953,0,Equity Developing Market
CUST00000738,23,M,SINGLE,N,UNIVERSITY,U61753,19.8,19.953,0,Equity Developing Market
CUST00000906,23,F,SINGLE,N,UNIVERSITY,U62300,11.37,20.12,0.22,Equity Developed Market
CUST00000929,23,M,SINGLE,N,SECONDARY,U61753,19.8,19.953,0,Equity Developing Market
CUST00000053,24,F,SINGLE,N,SECONDARY,U61753,19.8,19.953,0,Equity Developing Market
CUST00000110,24,M,SINGLE,N,UNIVERSITY,U62402,5.9,24.169,4.9,Equity Developing Market
CUST00000143,24,F,MARRIED,N,UNIVERSITY,U62300,11.37,20.12,0.22,Equity Developed Market
CUST00000163,24,F,SINGLE,N,SECONDARY,U62300,11.37,20.12,0.22,Equity Developed Market
CUST00000239,24,M,SINGLE,N,SECONDARY,U61753,19.8,19.953,0,Equity Developing Market
CUST00000302,24,M,SINGLE,N,UNIVERSITY,U61753,19.8,19.953,0,Equity Developing Market
CUST00000439,24,M,SINGLE,N,UNIVERSITY,U62300,11.37,20.12,0.22,Equity Developed Market
CUST00000617,24,F,SINGLE,N,SECONDARY,U62402,5.9,24.169,4.9,Equity Developing Market
CUST00000639,24,M,SINGLE,N,SECONDARY,U61753,19.8,19.953,0,Equity Developing Market
CUST00000662,24,M,SINGLE,N,UNIVERSITY,U61753,19.8,19.953,0,Equity Developing Market
CUST00000691,24,F,SINGLE,N,UNIVERSITY,U61753,19.8,19.953,0,Equity Developing Market
CUST00000730,24,M,SINGLE,N,UNIVERSITY,U61753,19.8,19.953,0,Equity Developing Market
CUST00000757,24,M,SINGLE,N,UNIVERSITY,U61753,19.8,19.953,0,Equity Developing Market
CUST00000813,24,F,SINGLE,N,SECONDARY,U62300,11.37,20.12,0.22,Equity Developed Market
CUST00000872,24,M,SINGLE,N,UNIVERSITY,U62300,11.37,20.12,0.22,Equity Developed Market
CUST00000895,24,M,SINGLE,N,UNIVERSITY,U61753,19.8,19.953,0,Equity Developing Market
CUST00000903,24,M,SINGLE,N,SECONDARY,U61753,19.8,19.953,0,Equity Developing Market
CUST00000926,24,F,SINGLE,N,UNIVERSITY,U62300,11.37,20.12,0.22,Equity Developed Market
CUST00000947,24,F,SINGLE,N,SECONDARY,U62516,5.8,11.375,2.73,Equity Developed Market
CUST00000984,24,M,MARRIED,N,SECONDARY,U61753,19.8,19.953,0,Equity Developing Market
CUST00000035,25,F,SINGLE,N,UNIVERSITY,U62300,11.37,20.12,0.22,Equity Developed Market
CUST00000109,25,F,SINGLE,N,UNIVERSITY,U61753,19.8,19.953,0,Equity Developing Market
CUST00000188,25,F,SINGLE,N,SECONDARY,U62402,5.9,24.169,4.9,Equity Developing Market
CUST00000197,25,M,SINGLE,N,UNIVERSITY,U62300,11.37,20.12,0.22,Equity Developed Market
CUST00000219,25,F,MARRIED,N,SECONDARY,U61753,19.8,19.953,0,Equity Developing Market
CUST00000425,25,F,SINGLE,N,SECONDARY,U61753,19.8,19.953,0,Equity Developing Market
CUST00000486,25,F,MARRIED,N,UNIVERSITY,U62402,5.9,24.169,4.9,Equity Developing Market
CUST00000506,25,M,MARRIED,N,UNIVERSITY,U62402,5.9,24.169,4.9,Equity Developing Market
CUST00000612,25,M,SINGLE,N,UNIVERSITY,U62402,5.9,24.169,4.9,Equity Developing Market
CUST00000647,25,F,SINGLE,N,SECONDARY,U61753,19.8,19.953,0,Equity Developing Market
CUST00000704,25,F,MARRIED,N,UNIVERSITY,U62300,11.37,20.12,0.22,Equity Developed Market
CUST00000761,25,F,SINGLE,N,SECONDARY,U62300,11.37,20.12,0.22,Equity Developed Market
CUST00000775,25,F,MARRIED,N,UNIVERSITY,U61753,19.8,19.953,0,Equity Developing Market
CUST00000033,26,M,SINGLE,N,POSTGRADUATE,U61753,19.8,19.953,0,Equity Developing Market
CUST00000048,26,M,SINGLE,N,POSTGRADUATE,U62402,5.9,24.169,4.9,Equity Developing Market
CUST00000064,26,F,MARRIED,N,UNIVERSITY,U61753,19.8,19.953,0,Equity Developing Market
CUST00000099,26,F,SINGLE,N,POSTGRADUATE,U62300,11.37,20.12,0.22,Equity Developed Market
CUST00000102,26,F,SINGLE,N,SECONDARY,U61753,19.8,19.953,0,Equity Developing Market
CUST00000125,26,M,SINGLE,N,UNIVERSITY,U61753,19.8,19.953,0,Equity Developing Market
CUST00000182,26,M,SINGLE,N,UNIVERSITY,U61753,19.8,19.953,0,Equity Developing Market
CUST00000186,26,M,MARRIED,N,UNIVERSITY,U61753,19.8,19.953,0,Equity Developing Market
CUST00000286,26,F,SINGLE,N,SECONDARY,U62300,11.37,20.12,0.22,Equity Developed Market
CUST00000472,26,M,SINGLE,N,UNIVERSITY,U62300,11.37,20.12,0.22,Equity Developed Market
CUST00000609,26,M,SINGLE,N,POSTGRADUATE,U61753,19.8,19.953,0,Equity Developing Market
CUST00000613,26,F,SINGLE,N,SECONDARY,U62402,5.9,24.169,4.9,Equity Developing Market
CUST00000769,26,M,SINGLE,N,UNIVERSITY,U62300,11.37,20.12,0.22,Equity Developed Market
CUST00000820,26,M,MARRIED,N,SECONDARY,U61753,19.8,19.953,0,Equity Developing Market
CUST00000897,26,M,SINGLE,N,POSTGRADUATE,U61753,19.8,19.953,0,Equity Developing Market
CUST00000907,26,M,SINGLE,N,UNIVERSITY,U62300,11.37,20.12,0.22,Equity Developed Market
CUST00000936,26,M,MARRIED,N,UNIVERSITY,U61753,19.8,19.953,0,Equity Developing Market
CUST00000022,27,F,SINGLE,N,UNIVERSITY,U61753,19.8,19.953,0,Equity Developing Market
CUST00000200,27,M,MARRIED,Y,UNIVERSITY,U62402,5.9,24.169,4.9,Equity Developing Market
CUST00000249,27,M,SINGLE,N,UNIVERSITY,U61753,19.8,19.953,0,Equity Developing Market
CUST00000362,27,F,MARRIED,N,POSTGRADUATE,U61753,19.8,19.953,0,Equity Developing Market
CUST00000429,27,M,SINGLE,N,POSTGRADUATE,U62300,11.37,20.12,0.22,Equity Developed Market
CUST00000433,27,F,SINGLE,N,SECONDARY,U62300,11.37,20.12,0.22,Equity Developed Market
CUST00000445,27,M,SINGLE,N,UNIVERSITY,U61753,19.8,19.953,0,Equity Developing Market
CUST00000539,27,F,SINGLE,N,UNIVERSITY,U61753,19.8,19.953,0,Equity Developing Market
CUST00000558,27,M,SINGLE,N,UNIVERSITY,U61753,19.8,19.953,0,Equity Developing Market
CUST00000581,27,M,SINGLE,N,SECONDARY,U61753,19.8,19.953,0,Equity Developing Market
CUST00000598,27,F,MARRIED,N,SECONDARY,U61753,19.8,19.953,0,Equity Developing Market
CUST00000603,27,M,MARRIED,Y,SECONDARY,U62300,11.37,20.12,0.22,Equity Developed Market
CUST00000707,27,M,SINGLE,N,POSTGRADUATE,U62402,5.9,24.169,4.9,Equity Developing Market
CUST00000856,27,M,MARRIED,N,SECONDARY,U62402,5.9,24.169,4.9,Equity Developing Market
CUST00000861,27,F,SINGLE,N,UNIVERSITY,U62402,5.9,24.169,4.9,Equity Developing Market
CUST00000871,27,F,SINGLE,N,UNIVERSITY,U61753,19.8,19.953,0,Equity Developing Market
CUST00000923,27,M,MARRIED,Y,SECONDARY,U62300,11.37,20.12,0.22,Equity Developed Market
CUST00000161,28,M,SINGLE,N,POSTGRADUATE,U61753,19.8,19.953,0,Equity Developing Market
CUST00000327,28,M,MARRIED,N,SECONDARY,U62300,11.37,20.12,0.22,Equity Developed Market
CUST00000577,28,F,SINGLE,N,SECONDARY,U61753,19.8,19.953,0,Equity Developing Market
CUST00000741,28,M,MARRIED,N,UNIVERSITY,U62300,11.37,20.12,0.22,Equity Developed Market
CUST00000762,28,F,MARRIED,N,SECONDARY,U62402,5.9,24.169,4.9,Equity Developing Market
CUST00000788,28,M,DIVORCED,Y,SECONDARY,U62300,11.37,20.12,0.22,Equity Developed Market
CUST00000795,28,F,MARRIED,Y,SECONDARY,U62300,11.37,20.12,0.22,Equity Developed Market
CUST00000922,28,M,SINGLE,N,UNIVERSITY,U62300,11.37,20.12,0.22,Equity Developed Market
CUST00000004,29,F,MARRIED,N,UNIVERSITY,U61753,19.8,19.953,0,Equity Developing Market
CUST00000052,29,F,MARRIED,Y,SECONDARY,U61753,19.8,19.953,0,Equity Developing Market
CUST00000123,29,M,SINGLE,N,UNIVERSITY,U61753,19.8,19.953,0,Equity Developing Market
CUST00000257,29,M,MARRIED,N,SECONDARY,U61753,19.8,19.953,0,Equity Developing Market
CUST00000293,29,F,SINGLE,N,POSTGRADUATE,U62402,5.9,24.169,4.9,Equity Developing Market
CUST00000305,29,M,SINGLE,N,UNIVERSITY,U61753,19.8,19.953,0,Equity Developing Market
CUST00000371,29,F,SINGLE,N,POSTGRADUATE,U61753,19.8,19.953,0,Equity Developing Market
CUST00000374,29,F,MARRIED,Y,POSTGRADUATE,U62402,5.9,24.169,4.9,Equity Developing Market
CUST00000479,29,F,MARRIED,N,UNIVERSITY,U62402,5.9,24.169,4.9,Equity Developing Market
CUST00000529,29,F,SINGLE,N,UNIVERSITY,U61753,19.8,19.953,0,Equity Developing Market
CUST00000531,29,F,SINGLE,N,UNIVERSITY,U61753,19.8,19.953,0,Equity Developing Market
CUST00000536,29,M,SINGLE,N,UNIVERSITY,U62300,11.37,20.12,0.22,Equity Developed Market
CUST00000549,29,F,MARRIED,Y,UNIVERSITY,U62402,5.9,24.169,4.9,Equity Developing Market
CUST00000696,29,M,MARRIED,N,POSTGRADUATE,U62402,5.9,24.169,4.9,Equity Developing Market
CUST00000774,29,M,MARRIED,N,UNIVERSITY,U61753,19.8,19.953,0,Equity Developing Market
CUST00000799,29,F,SINGLE,N,SECONDARY,U61753,19.8,19.953,0,Equity Developing Market
CUST00000825,29,M,SINGLE,N,SECONDARY,U61753,19.8,19.953,0,Equity Developing Market
CUST00000882,29,F,SINGLE,N,UNIVERSITY,U62402,5.9,24.169,4.9,Equity Developing Market
CUST00000939,29,M,MARRIED,N,UNIVERSITY,U62300,11.37,20.12,0.22,Equity Developed Market
CUST00000964,29,F,SINGLE,N,UNIVERSITY,U62402,5.9,24.169,4.9,Equity Developing Market
CUST00000168,30,F,SINGLE,N,UNIVERSITY,U61753,19.8,19.953,0,Equity Developing Market
CUST00000308,30,F,SINGLE,N,POSTGRADUATE,U62300,11.37,20.12,0.22,Equity Developed Market
CUST00000317,30,M,MARRIED,N,UNIVERSITY,U62402,5.9,24.169,4.9,Equity Developing Market
CUST00000335,30,M,MARRIED,N,SECONDARY,U62402,5.9,24.169,4.9,Equity Developing Market
CUST00000441,30,M,MARRIED,Y,UNIVERSITY,U61753,19.8,19.953,0,Equity Developing Market
CUST00000570,30,F,MARRIED,Y,SECONDARY,U62300,11.37,20.12,0.22,Equity Developed Market
CUST00000601,30,M,MARRIED,N,SECONDARY,U61753,19.8,19.953,0,Equity Developing Market
CUST00000673,30,M,SINGLE,N,POSTGRADUATE,U61753,19.8,19.953,0,Equity Developing Market
CUST00000737,30,F,SINGLE,N,UNIVERSITY,U61753,19.8,19.953,0,Equity Developing Market
CUST00000794,30,M,DIVORCED,Y,SECONDARY,U62402,5.9,24.169,4.9,Equity Developing Market
CUST00000822,30,M,MARRIED,N,SECONDARY,U62300,11.37,20.12,0.22,Equity Developed Market
CUST00000858,30,M,SINGLE,N,UNIVERSITY,U62402,5.9,24.169,4.9,Equity Developing Market
CUST00000899,30,F,SINGLE,N,SECONDARY,U61753,19.8,19.953,0,Equity Developing Market
CUST00000954,30,M,MARRIED,N,UNIVERSITY,U61753,19.8,19.953,0,Equity Developing Market
CUST00000066,31,M,MARRIED,N,UNIVERSITY,U43095,6.77,4.183,1.2,Fixed Income
CUST00000076,31,F,MARRIED,N,PRIMARY,U61753,19.8,19.953,0,Equity Developing Market
CUST00000090,31,M,SINGLE,N,PRIMARY,U43095,6.77,4.183,1.2,Fixed Income
CUST00000106,31,M,MARRIED,Y,SECONDARY,U62402,5.9,24.169,4.9,Equity Developing Market
CUST00000157,31,F,MARRIED,N,POSTGRADUATE,U43095,6.77,4.183,1.2,Fixed Income
CUST00000189,31,M,MARRIED,Y,UNIVERSITY,U43095,6.77,4.183,1.2,Fixed Income
CUST00000192,31,F,MARRIED,Y,UNIVERSITY,U62516,5.8,11.375,2.73,Equity Developed Market
CUST00000348,31,M,MARRIED,N,UNIVERSITY,U61753,19.8,19.953,0,Equity Developing Market
CUST00000350,31,F,SINGLE,N,UNIVERSITY,U62300,11.37,20.12,0.22,Equity Developed Market
CUST00000482,31,M,MARRIED,Y,UNIVERSITY,U62743,4.09,11.095,7.32,Fixed Income
CUST00000489,31,M,MARRIED,Y,SECONDARY,U62516,5.8,11.375,2.73,Equity Developed Market
CUST00000535,31,F,SINGLE,N,SECONDARY,U62300,11.37,20.12,0.22,Equity Developed Market
CUST00000583,31,F,SINGLE,N,UNIVERSITY,U62300,11.37,20.12,0.22,Equity Developed Market
CUST00000600,31,F,MARRIED,N,SECONDARY,U43095,6.77,4.183,1.2,Fixed Income
CUST00000666,31,F,MARRIED,Y,SECONDARY,U62743,4.09,11.095,7.32,Fixed Income
CUST00000711,31,M,DIVORCED,N,SECONDARY,U62300,11.37,20.12,0.22,Equity Developed Market
CUST00000767,31,F,MARRIED,Y,POSTGRADUATE,U62743,4.09,11.095,7.32,Fixed Income
CUST00000852,31,M,SINGLE,N,SECONDARY,U43095,6.77,4.183,1.2,Fixed Income
CUST00000875,31,F,MARRIED,N,SECONDARY,U61753,19.8,19.953,0,Equity Developing Market
CUST00000946,31,M,MARRIED,N,SECONDARY,U62300,11.37,20.12,0.22,Equity Developed Market
CUST00000084,32,F,MARRIED,N,PRIMARY,U62300,11.37,20.12,0.22,Equity Developed Market
CUST00000178,32,M,MARRIED,N,POSTGRADUATE,U62300,11.37,20.12,0.22,Equity Developed Market
CUST00000245,32,F,MARRIED,Y,SECONDARY,U62743,4.09,11.095,7.32,Fixed Income
CUST00000298,32,M,MARRIED,Y,SECONDARY,U62300,11.37,20.12,0.22,Equity Developed Market
CUST00000321,32,M,SINGLE,N,UNIVERSITY,U62300,11.37,20.12,0.22,Equity Developed Market
CUST00000343,32,F,MARRIED,Y,POSTGRADUATE,U62743,4.09,11.095,7.32,Fixed Income
CUST00000354,32,F,SINGLE,N,SECONDARY,U62300,11.37,20.12,0.22,Equity Developed Market
CUST00000358,32,M,SINGLE,N,SECONDARY,U61753,19.8,19.953,0,Equity Developing Market
CUST00000460,32,M,MARRIED,N,SECONDARY,U43095,6.77,4.183,1.2,Fixed Income
CUST00000476,32,M,DIVORCED,Y,SECONDARY,U62743,4.09,11.095,7.32,Fixed Income
CUST00000590,32,M,MARRIED,Y,POSTGRADUATE,U43095,6.77,4.183,1.2,Fixed Income
CUST00000614,32,F,DIVORCED,N,UNIVERSITY,U62300,11.37,20.12,0.22,Equity Developed Market
CUST00000623,32,M,MARRIED,N,UNIVERSITY,U62300,11.37,20.12,0.22,Equity Developed Market
CUST00000663,32,M,SINGLE,N,UNIVERSITY,U61753,19.8,19.953,0,Equity Developing Market
CUST00000784,32,F,MARRIED,Y,SECONDARY,U62402,5.9,24.169,4.9,Equity Developing Market
CUST00000815,32,F,MARRIED,N,SECONDARY,U62300,11.37,20.12,0.22,Equity Developed Market
CUST00000925,32,M,MARRIED,N,UNIVERSITY,U61753,19.8,19.953,0,Equity Developing Market
CUST00000005,33,M,MARRIED,N,UNIVERSITY,U43095,6.77,4.183,1.2,Fixed Income
CUST00000079,33,F,MARRIED,Y,SECONDARY,U62402,5.9,24.169,4.9,Equity Developing Market
CUST00000140,33,F,MARRIED,Y,UNIVERSITY,U62743,4.09,11.095,7.32,Fixed Income
CUST00000227,33,F,MARRIED,N,UNIVERSITY,U61753,19.8,19.953,0,Equity Developing Market
CUST00000243,33,M,SINGLE,N,UNIVERSITY,U62300,11.37,20.12,0.22,Equity Developed Market
CUST00000345,33,F,SINGLE,N,UNIVERSITY,U61753,19.8,19.953,0,Equity Developing Market
CUST00000368,33,F,SINGLE,N,SECONDARY,U62300,11.37,20.12,0.22,Equity Developed Market
CUST00000414,33,F,MARRIED,N,SECONDARY,U62300,11.37,20.12,0.22,Equity Developed Market
CUST00000418,33,F,MARRIED,N,POSTGRADUATE,U61753,19.8,19.953,0,Equity Developing Market
CUST00000592,33,M,SINGLE,N,SECONDARY,U62300,11.37,20.12,0.22,Equity Developed Market
CUST00000780,33,F,MARRIED,N,UNIVERSITY,U62300,11.37,20.12,0.22,Equity Developed Market
CUST00000960,33,F,MARRIED,Y,POSTGRADUATE,U43095,6.77,4.183,1.2,Fixed Income
CUST00000081,34,F,MARRIED,Y,SECONDARY,U62743,4.09,11.095,7.32,Fixed Income
CUST00000121,34,F,MARRIED,N,POSTGRADUATE,U62300,11.37,20.12,0.22,Equity Developed Market
CUST00000144,34,F,SINGLE,N,UNIVERSITY,U43095,6.77,4.183,1.2,Fixed Income
CUST00000199,34,M,SINGLE,N,UNIVERSITY,U62300,11.37,20.12,0.22,Equity Developed Market
CUST00000258,34,M,MARRIED,N,UNIVERSITY,U43095,6.77,4.183,1.2,Fixed Income
CUST00000285,34,M,MARRIED,Y,UNIVERSITY,U43095,6.77,4.183,1.2,Fixed Income
CUST00000398,34,M,SINGLE,N,UNIVERSITY,U62300,11.37,20.12,0.22,Equity Developed Market
CUST00000402,34,M,DIVORCED,Y,POSTGRADUATE,U43095,6.77,4.183,1.2,Fixed Income
CUST00000496,34,M,MARRIED,N,UNIVERSITY,U61753,19.8,19.953,0,Equity Developing Market
CUST00000622,34,F,MARRIED,Y,UNIVERSITY,U43095,6.77,4.183,1.2,Fixed Income
CUST00000640,34,F,SINGLE,N,UNIVERSITY,U43095,6.77,4.183,1.2,Fixed Income
CUST00000677,34,F,MARRIED,N,SECONDARY,U43095,6.77,4.183,1.2,Fixed Income
CUST00000755,34,F,MARRIED,N,POSTGRADUATE,U62300,11.37,20.12,0.22,Equity Developed Market
CUST00000766,34,F,MARRIED,Y,SECONDARY,U62402,5.9,24.169,4.9,Equity Developing Market
CUST00000789,34,F,MARRIED,Y,PRIMARY,U62743,4.09,11.095,7.32,Fixed Income
CUST00000802,34,F,MARRIED,N,SECONDARY,U61753,19.8,19.953,0,Equity Developing Market
CUST00000811,34,F,MARRIED,Y,UNIVERSITY,U43095,6.77,4.183,1.2,Fixed Income
CUST00000828,34,M,SINGLE,N,UNIVERSITY,U62300,11.37,20.12,0.22,Equity Developed Market
CUST00000874,34,F,SINGLE,N,POSTGRADUATE,U62300,11.37,20.12,0.22,Equity Developed Market
CUST00000941,34,M,SINGLE,N,POSTGRADUATE,U62743,4.09,11.095,7.32,Fixed Income
CUST00000950,34,F,SINGLE,N,UNIVERSITY,U43095,6.77,4.183,1.2,Fixed Income
CUST00000055,35,M,MARRIED,N,SECONDARY,U43095,6.77,4.183,1.2,Fixed Income
CUST00000205,35,F,MARRIED,Y,SECONDARY,U62743,4.09,11.095,7.32,Fixed Income
CUST00000232,35,F,MARRIED,N,POSTGRADUATE,U62300,11.37,20.12,0.22,Equity Developed Market
CUST00000272,35,F,MARRIED,Y,UNIVERSITY,U43095,6.77,4.183,1.2,Fixed Income
CUST00000311,35,M,MARRIED,Y,UNIVERSITY,U43095,6.77,4.183,1.2,Fixed Income
CUST00000415,35,M,SINGLE,N,PRIMARY,U43095,6.77,4.183,1.2,Fixed Income
CUST00000449,35,F,MARRIED,N,SECONDARY,U61753,19.8,19.953,0,Equity Developing Market
CUST00000512,35,M,MARRIED,N,UNIVERSITY,U62300,11.37,20.12,0.22,Equity Developed Market
CUST00000543,35,M,MARRIED,N,UNIVERSITY,U62300,11.37,20.12,0.22,Equity Developed Market
CUST00000566,35,M,MARRIED,N,UNIVERSITY,U61753,19.8,19.953,0,Equity Developing Market
CUST00000573,35,M,MARRIED,N,UNIVERSITY,U62743,4.09,11.095,7.32,Fixed Income
CUST00000646,35,M,MARRIED,N,UNIVERSITY,U62300,11.37,20.12,0.22,Equity Developed Market
CUST00000701,35,M,MARRIED,Y,SECONDARY,U62743,4.09,11.095,7.32,Fixed Income
CUST00000703,35,F,MARRIED,N,POSTGRADUATE,U62300,11.37,20.12,0.22,Equity Developed Market
CUST00000719,35,F,MARRIED,Y,SECONDARY,U62516,5.8,11.375,2.73,Equity Developed Market
CUST00000751,35,F,MARRIED,N,SECONDARY,U62300,11.37,20.12,0.22,Equity Developed Market
CUST00000770,35,F,MARRIED,Y,UNIVERSITY,U62743,4.09,11.095,7.32,Fixed Income
CUST00000952,35,M,SINGLE,N,UNIVERSITY,U62300,11.37,20.12,0.22,Equity Developed Market
CUST00000958,35,M,MARRIED,N,UNIVERSITY,U62300,11.37,20.12,0.22,Equity Developed Market
CUST00000988,35,F,MARRIED,N,UNIVERSITY,U62300,11.37,20.12,0.22,Equity Developed Market
CUST00000040,36,M,MARRIED,Y,UNIVERSITY,U62743,4.09,11.095,7.32,Fixed Income
CUST00000221,36,F,MARRIED,N,SECONDARY,U61753,19.8,19.953,0,Equity Developing Market
CUST00000260,36,F,MARRIED,N,UNIVERSITY,U61753,19.8,19.953,0,Equity Developing Market
CUST00000386,36,M,MARRIED,N,UNIVERSITY,U43095,6.77,4.183,1.2,Fixed Income
CUST00000403,36,F,MARRIED,Y,UNIVERSITY,U62743,4.09,11.095,7.32,Fixed Income
CUST00000458,36,F,MARRIED,Y,UNIVERSITY,U62743,4.09,11.095,7.32,Fixed Income
CUST00000525,36,M,MARRIED,N,SECONDARY,U62300,11.37,20.12,0.22,Equity Developed Market
CUST00000611,36,F,MARRIED,Y,POSTGRADUATE,U62743,4.09,11.095,7.32,Fixed Income
CUST00000628,36,M,MARRIED,N,UNIVERSITY,U62300,11.37,20.12,0.22,Equity Developed Market
CUST00000670,36,M,MARRIED,N,SECONDARY,U62300,11.37,20.12,0.22,Equity Developed Market
CUST00000782,36,M,MARRIED,Y,PRIMARY,U62402,5.9,24.169,4.9,Equity Developing Market
CUST00000831,36,F,MARRIED,Y,UNIVERSITY,U43095,6.77,4.183,1.2,Fixed Income
CUST00000884,36,M,SINGLE,N,POSTGRADUATE,U43095,6.77,4.183,1.2,Fixed Income
CUST00000889,36,F,MARRIED,N,UNIVERSITY,U62300,11.37,20.12,0.22,Equity Developed Market
CUST00000944,36,F,MARRIED,Y,SECONDARY,U62402,5.9,24.169,4.9,Equity Developing Market
CUST00000049,37,F,MARRIED,Y,POSTGRADUATE,U43095,6.77,4.183,1.2,Fixed Income
CUST00000067,37,M,SINGLE,N,SECONDARY,U62300,11.37,20.12,0.22,Equity Developed Market
CUST00000082,37,F,MARRIED,Y,UNIVERSITY,U43095,6.77,4.183,1.2,Fixed Income
CUST00000145,37,M,MARRIED,N,SECONDARY,U62300,11.37,20.12,0.22,Equity Developed Market
CUST00000151,37,F,MARRIED,N,UNIVERSITY,U61753,19.8,19.953,0,Equity Developing Market
CUST00000532,37,F,MARRIED,Y,SECONDARY,U62743,4.09,11.095,7.32,Fixed Income
CUST00000551,37,F,SINGLE,N,UNIVERSITY,U62300,11.37,20.12,0.22,Equity Developed Market
CUST00000682,37,F,MARRIED,N,UNIVERSITY,U62300,11.37,20.12,0.22,Equity Developed Market
CUST00000725,37,F,MARRIED,Y,POSTGRADUATE,U43095,6.77,4.183,1.2,Fixed Income
CUST00000747,37,M,MARRIED,N,UNIVERSITY,U62300,11.37,20.12,0.22,Equity Developed Market
CUST00000808,37,F,MARRIED,Y,SECONDARY,U43095,6.77,4.183,1.2,Fixed Income
CUST00000839,37,F,MARRIED,Y,POSTGRADUATE,U62743,4.09,11.095,7.32,Fixed Income
CUST00000848,37,F,MARRIED,Y,SECONDARY,U62402,5.9,24.169,4.9,Equity Developing Market
CUST00000860,37,F,SINGLE,N,POSTGRADUATE,U62300,11.37,20.12,0.22,Equity Developed Market
CUST00000880,37,F,MARRIED,Y,SECONDARY,U62516,5.8,11.375,2.73,Equity Developed Market
CUST00000931,37,F,MARRIED,Y,POSTGRADUATE,U62743,4.09,11.095,7.32,Fixed Income
CUST00000949,37,F,MARRIED,Y,UNIVERSITY,U43095,6.77,4.183,1.2,Fixed Income
CUST00000973,37,F,SINGLE,N,SECONDARY,U62300,11.37,20.12,0.22,Equity Developed Market
CUST00000116,38,M,SINGLE,N,SECONDARY,U43095,6.77,4.183,1.2,Fixed Income
CUST00000139,38,M,MARRIED,Y,UNIVERSITY,U62743,4.09,11.095,7.32,Fixed Income
CUST00000291,38,M,MARRIED,Y,UNIVERSITY,U43095,6.77,4.183,1.2,Fixed Income
CUST00000316,38,M,MARRIED,N,UNIVERSITY,U61753,19.8,19.953,0,Equity Developing Market
CUST00000453,38,M,MARRIED,Y,SECONDARY,U62402,5.9,24.169,4.9,Equity Developing Market
CUST00000528,38,F,MARRIED,N,UNIVERSITY,U62300,11.37,20.12,0.22,Equity Developed Market
CUST00000564,38,M,MARRIED,N,UNIVERSITY,U61753,19.8,19.953,0,Equity Developing Market
CUST00000819,38,F,SINGLE,N,SECONDARY,U62300,11.37,20.12,0.22,Equity Developed Market
CUST00000974,38,M,MARRIED,Y,UNIVERSITY,U62743,4.09,11.095,7.32,Fixed Income
CUST00000150,39,M,SINGLE,N,SECONDARY,U61753,19.8,19.953,0,Equity Developing Market
CUST00000175,39,F,MARRIED,Y,SECONDARY,U62516,5.8,11.375,2.73,Equity Developed Market
CUST00000202,39,M,SINGLE,N,UNIVERSITY,U62300,11.37,20.12,0.22,Equity Developed Market
CUST00000246,39,F,MARRIED,Y,UNIVERSITY,U62516,5.8,11.375,2.73,Equity Developed Market
CUST00000323,39,F,MARRIED,N,UNIVERSITY,U62300,11.37,20.12,0.22,Equity Developed Market
CUST00000333,39,F,MARRIED,Y,POSTGRADUATE,U62516,5.8,11.375,2.73,Equity Developed Market
CUST00000346,39,M,MARRIED,N,UNIVERSITY,U61753,19.8,19.953,0,Equity Developing Market
CUST00000544,39,M,MARRIED,Y,SECONDARY,U62516,5.8,11.375,2.73,Equity Developed Market
CUST00000712,39,M,MARRIED,N,UNIVERSITY,U43095,6.77,4.183,1.2,Fixed Income
CUST00000729,39,F,SINGLE,N,UNIVERSITY,U62300,11.37,20.12,0.22,Equity Developed Market
CUST00000778,39,M,MARRIED,N,SECONDARY,U43095,6.77,4.183,1.2,Fixed Income
CUST00000791,39,F,MARRIED,Y,PRIMARY,U62743,4.09,11.095,7.32,Fixed Income
CUST00000792,39,M,MARRIED,N,POSTGRADUATE,U61753,19.8,19.953,0,Equity Developing Market
CUST00000826,39,M,MARRIED,N,SECONDARY,U62300,11.37,20.12,0.22,Equity Developed Market
CUST00000854,39,F,MARRIED,Y,UNIVERSITY,U62743,4.09,11.095,7.32,Fixed Income
CUST00000908,39,F,MARRIED,Y,UNIVERSITY,U43095,6.77,4.183,1.2,Fixed Income
CUST00000039,40,F,SINGLE,N,SECONDARY,U61753,19.8,19.953,0,Equity Developing Market
CUST00000112,40,F,SINGLE,N,SECONDARY,U62300,11.37,20.12,0.22,Equity Developed Market
CUST00000131,40,F,SINGLE,N,SECONDARY,U43095,6.77,4.183,1.2,Fixed Income
CUST00000204,40,F,MARRIED,Y,SECONDARY,U62743,4.09,11.095,7.32,Fixed Income
CUST00000217,40,F,MARRIED,N,POSTGRADUATE,U43095,6.77,4.183,1.2,Fixed Income
CUST00000233,40,F,MARRIED,N,SECONDARY,U43095,6.77,4.183,1.2,Fixed Income
CUST00000275,40,M,MARRIED,N,UNIVERSITY,U43095,6.77,4.183,1.2,Fixed Income
CUST00000313,40,F,MARRIED,Y,UNIVERSITY,U43095,6.77,4.183,1.2,Fixed Income
CUST00000364,40,F,SINGLE,N,SECONDARY,U61753,19.8,19.953,0,Equity Developing Market
CUST00000443,40,M,MARRIED,N,UNIVERSITY,U61753,19.8,19.953,0,Equity Developing Market
CUST00000465,40,M,MARRIED,Y,UNIVERSITY,U62743,4.09,11.095,7.32,Fixed Income
CUST00000466,40,F,MARRIED,N,SECONDARY,U62300,11.37,20.12,0.22,Equity Developed Market
CUST00000548,40,M,MARRIED,Y,SECONDARY,U62402,5.9,24.169,4.9,Equity Developing Market
CUST00000550,40,F,MARRIED,N,SECONDARY,U61753,19.8,19.953,0,Equity Developing Market
CUST00000658,40,F,MARRIED,N,UNIVERSITY,U62300,11.37,20.12,0.22,Equity Developed Market
CUST00000684,40,F,MARRIED,Y,UNIVERSITY,U62743,4.09,11.095,7.32,Fixed Income
CUST00000759,40,M,MARRIED,Y,SECONDARY,U62402,5.9,24.169,4.9,Equity Developing Market
CUST00000881,40,M,MARRIED,Y,UNIVERSITY,U62743,4.09,11.095,7.32,Fixed Income
CUST00000935,40,F,MARRIED,Y,SECONDARY,U62516,5.8,11.375,2.73,Equity Developed Market
CUST00000060,41,F,MARRIED,Y,SECONDARY,U62516,5.8,11.375,2.73,Equity Developed Market
CUST00000284,41,M,MARRIED,Y,SECONDARY,U62402,5.9,24.169,4.9,Equity Developing Market
CUST00000289,41,F,MARRIED,Y,SECONDARY,U62516,5.8,11.375,2.73,Equity Developed Market
CUST00000309,41,F,MARRIED,Y,UNIVERSITY,U62516,5.8,11.375,2.73,Equity Developed Market
CUST00000315,41,F,SINGLE,N,UNIVERSITY,U62300,11.37,20.12,0.22,Equity Developed Market
CUST00000410,41,F,MARRIED,Y,UNIVERSITY,U62743,4.09,11.095,7.32,Fixed Income
CUST00000547,41,F,MARRIED,N,SECONDARY,U61753,19.8,19.953,0,Equity Developing Market
CUST00000593,41,M,MARRIED,N,PRIMARY,U61753,19.8,19.953,0,Equity Developing Market
CUST00000624,41,M,MARRIED,Y,POSTGRADUATE,U62743,4.09,11.095,7.32,Fixed Income
CUST00000626,41,M,MARRIED,N,SECONDARY,U62300,11.37,20.12,0.22,Equity Developed Market
CUST00000685,41,M,SINGLE,N,SECONDARY,U62300,11.37,20.12,0.22,Equity Developed Market
CUST00000790,41,M,WIDOWED,N,UNIVERSITY,U61753,19.8,19.953,0,Equity Developing Market
CUST00000818,41,F,MARRIED,Y,SECONDARY,U62402,5.9,24.169,4.9,Equity Developing Market
CUST00000842,41,M,SINGLE,N,SECONDARY,U61753,19.8,19.953,0,Equity Developing Market
CUST00000846,41,M,MARRIED,Y,SECONDARY,U62743,4.09,11.095,7.32,Fixed Income
CUST00000940,41,M,SINGLE,N,SECONDARY,U43095,6.77,4.183,1.2,Fixed Income
CUST00000991,41,M,MARRIED,Y,UNIVERSITY,U62516,5.8,11.375,2.73,Equity Developed Market
CUST00000138,42,F,MARRIED,Y,POSTGRADUATE,U62743,4.09,11.095,7.32,Fixed Income
CUST00000328,42,F,MARRIED,Y,UNIVERSITY,U62743,4.09,11.095,7.32,Fixed Income
CUST00000379,42,M,MARRIED,Y,SECONDARY,U62743,4.09,11.095,7.32,Fixed Income
CUST00000397,42,M,MARRIED,Y,POSTGRADUATE,U62516,5.8,11.375,2.73,Equity Developed Market
CUST00000416,42,F,MARRIED,Y,SECONDARY,U62743,4.09,11.095,7.32,Fixed Income
CUST00000462,42,F,MARRIED,Y,UNIVERSITY,U62743,4.09,11.095,7.32,Fixed Income
CUST00000469,42,M,MARRIED,Y,UNIVERSITY,U43095,6.77,4.183,1.2,Fixed Income
CUST00000667,42,F,MARRIED,Y,SECONDARY,U62743,4.09,11.095,7.32,Fixed Income
CUST00000695,42,M,MARRIED,N,UNIVERSITY,U61753,19.8,19.953,0,Equity Developing Market
CUST00000718,42,F,MARRIED,N,SECONDARY,U43095,6.77,4.183,1.2,Fixed Income
CUST00000810,42,M,MARRIED,Y,POSTGRADUATE,U43095,6.77,4.183,1.2,Fixed Income
CUST00000827,42,M,MARRIED,Y,SECONDARY,U62402,5.9,24.169,4.9,Equity Developing Market
CUST00000853,42,F,MARRIED,Y,UNIVERSITY,U43095,6.77,4.183,1.2,Fixed Income
CUST00000019,43,M,MARRIED,N,SECONDARY,U62300,11.37,20.12,0.22,Equity Developed Market
CUST00000036,43,F,MARRIED,Y,SECONDARY,U62743,4.09,11.095,7.32,Fixed Income
CUST00000174,43,M,MARRIED,N,SECONDARY,U61753,19.8,19.953,0,Equity Developing Market
CUST00000185,43,M,MARRIED,N,SECONDARY,U62402,5.9,24.169,4.9,Equity Developing Market
CUST00000344,43,F,MARRIED,Y,PRIMARY,U62743,4.09,11.095,7.32,Fixed Income
CUST00000351,43,F,MARRIED,Y,PRIMARY,U62743,4.09,11.095,7.32,Fixed Income
CUST00000378,43,F,MARRIED,N,SECONDARY,U62300,11.37,20.12,0.22,Equity Developed Market
CUST00000396,43,F,MARRIED,Y,SECONDARY,U62516,5.8,11.375,2.73,Equity Developed Market
CUST00000477,43,M,MARRIED,N,SECONDARY,U62300,11.37,20.12,0.22,Equity Developed Market
CUST00000481,43,F,MARRIED,N,SECONDARY,U43095,6.77,4.183,1.2,Fixed Income
CUST00000485,43,F,MARRIED,Y,UNIVERSITY,U43095,6.77,4.183,1.2,Fixed Income
CUST00000530,43,M,MARRIED,Y,SECONDARY,U62402,5.9,24.169,4.9,Equity Developing Market
CUST00000693,43,F,MARRIED,N,SECONDARY,U62300,11.37,20.12,0.22,Equity Developed Market
CUST00000723,43,F,MARRIED,Y,SECONDARY,U62516,5.8,11.375,2.73,Equity Developed Market
CUST00000765,43,F,MARRIED,N,UNIVERSITY,U62300,11.37,20.12,0.22,Equity Developed Market
CUST00000777,43,M,SINGLE,N,SECONDARY,U61753,19.8,19.953,0,Equity Developing Market
CUST00000787,43,M,MARRIED,Y,UNIVERSITY,U62743,4.09,11.095,7.32,Fixed Income
CUST00000876,43,F,SINGLE,N,UNIVERSITY,U43095,6.77,4.183,1.2,Fixed Income
CUST00000917,43,M,MARRIED,Y,SECONDARY,U62516,5.8,11.375,2.73,Equity Developed Market
CUST00000025,44,F,DIVORCED,Y,SECONDARY,U62516,5.8,11.375,2.73,Equity Developed Market
CUST00000044,44,M,SINGLE,N,SECONDARY,U61753,19.8,19.953,0,Equity Developing Market
CUST00000072,44,M,MARRIED,Y,POSTGRADUATE,U62516,5.8,11.375,2.73,Equity Developed Market
CUST00000124,44,F,SINGLE,N,POSTGRADUATE,U62516,5.8,11.375,2.73,Equity Developed Market
CUST00000127,44,M,SINGLE,N,SECONDARY,U61753,19.8,19.953,0,Equity Developing Market
CUST00000292,44,M,MARRIED,Y,SECONDARY,U62402,5.9,24.169,4.9,Equity Developing Market
CUST00000304,44,M,MARRIED,N,SECONDARY,U61753,19.8,19.953,0,Equity Developing Market
CUST00000310,44,M,MARRIED,Y,SECONDARY,U62743,4.09,11.095,7.32,Fixed Income
CUST00000394,44,F,MARRIED,N,SECONDARY,U62300,11.37,20.12,0.22,Equity Developed Market
CUST00000427,44,F,MARRIED,Y,UNIVERSITY,U62516,5.8,11.375,2.73,Equity Developed Market
CUST00000483,44,M,MARRIED,Y,POSTGRADUATE,U62743,4.09,11.095,7.32,Fixed Income
CUST00000546,44,F,DIVORCED,Y,POSTGRADUATE,U62743,4.09,11.095,7.32,Fixed Income
CUST00000700,44,M,MARRIED,N,UNIVERSITY,U61753,19.8,19.953,0,Equity Developing Market
CUST00000878,44,M,MARRIED,Y,SECONDARY,U62743,4.09,11.095,7.32,Fixed Income
CUST00000975,44,F,SINGLE,N,PRIMARY,U61753,19.8,19.953,0,Equity Developing Market
CUST00000986,44,F,MARRIED,Y,SECONDARY,U62516,5.8,11.375,2.73,Equity Developed Market
CUST00000003,45,F,MARRIED,Y,UNIVERSITY,U43095,6.77,4.183,1.2,Fixed Income
CUST00000050,45,M,MARRIED,Y,SECONDARY,U62743,4.09,11.095,7.32,Fixed Income
CUST00000088,45,F,MARRIED,Y,UNIVERSITY,U43095,6.77,4.183,1.2,Fixed Income
CUST00000108,45,F,SINGLE,N,SECONDARY,U62516,5.8,11.375,2.73,Equity Developed Market
CUST00000119,45,F,MARRIED,N,UNIVERSITY,U43095,6.77,4.183,1.2,Fixed Income
CUST00000167,45,F,MARRIED,N,PRIMARY,U62516,5.8,11.375,2.73,Equity Developed Market
CUST00000172,45,M,DIVORCED,Y,SECONDARY,U43095,6.77,4.183,1.2,Fixed Income
CUST00000196,45,F,DIVORCED,N,SECONDARY,U43095,6.77,4.183,1.2,Fixed Income
CUST00000212,45,F,MARRIED,N,SECONDARY,U62300,11.37,20.12,0.22,Equity Developed Market
CUST00000274,45,M,MARRIED,N,SECONDARY,U62516,5.8,11.375,2.73,Equity Developed Market
CUST00000297,45,F,MARRIED,Y,SECONDARY,U43095,6.77,4.183,1.2,Fixed Income
CUST00000347,45,M,MARRIED,N,POSTGRADUATE,U62300,11.37,20.12,0.22,Equity Developed Market
CUST00000392,45,M,MARRIED,Y,POSTGRADUATE,U43095,6.77,4.183,1.2,Fixed Income
CUST00000452,45,M,MARRIED,Y,UNIVERSITY,U62743,4.09,11.095,7.32,Fixed Income
CUST00000484,45,F,MARRIED,Y,SECONDARY,U43095,6.77,4.183,1.2,Fixed Income
CUST00000571,45,F,MARRIED,Y,POSTGRADUATE,U43095,6.77,4.183,1.2,Fixed Income
CUST00000580,45,F,MARRIED,Y,SECONDARY,U62743,4.09,11.095,7.32,Fixed Income
CUST00000797,45,F,SINGLE,N,UNIVERSITY,U43095,6.77,4.183,1.2,Fixed Income
CUST00000865,45,F,MARRIED,N,SECONDARY,U43095,6.77,4.183,1.2,Fixed Income
CUST00000953,45,F,SINGLE,N,SECONDARY,U62300,11.37,20.12,0.22,Equity Developed Market
CUST00000149,46,M,MARRIED,Y,SECONDARY,U43095,6.77,4.183,1.2,Fixed Income
CUST00000176,46,M,MARRIED,Y,SECONDARY,U43095,6.77,4.183,1.2,Fixed Income
CUST00000231,46,F,MARRIED,N,PRIMARY,U62300,11.37,20.12,0.22,Equity Developed Market
CUST00000241,46,M,MARRIED,Y,SECONDARY,U62516,5.8,11.375,2.73,Equity Developed Market
CUST00000263,46,M,SINGLE,N,SECONDARY,U62743,4.09,11.095,7.32,Fixed Income
CUST00000306,46,M,MARRIED,Y,SECONDARY,U43095,6.77,4.183,1.2,Fixed Income
CUST00000389,46,M,MARRIED,Y,SECONDARY,U43095,6.77,4.183,1.2,Fixed Income
CUST00000411,46,F,MARRIED,N,UNIVERSITY,U62516,5.8,11.375,2.73,Equity Developed Market
CUST00000446,46,M,MARRIED,N,POSTGRADUATE,U62300,11.37,20.12,0.22,Equity Developed Market
CUST00000464,46,M,MARRIED,N,SECONDARY,U62300,11.37,20.12,0.22,Equity Developed Market
CUST00000507,46,F,MARRIED,Y,SECONDARY,U62300,11.37,20.12,0.22,Equity Developed Market
CUST00000540,46,F,MARRIED,Y,UNIVERSITY,U62743,4.09,11.095,7.32,Fixed Income
CUST00000687,46,M,MARRIED,Y,PRIMARY,U62743,4.09,11.095,7.32,Fixed Income
CUST00000697,46,M,MARRIED,Y,SECONDARY,U62300,11.37,20.12,0.22,Equity Developed Market
CUST00000731,46,F,MARRIED,N,UNIVERSITY,U62300,11.37,20.12,0.22,Equity Developed Market
CUST00000862,46,M,MARRIED,N,SECONDARY,U43095,6.77,4.183,1.2,Fixed Income
CUST00000891,46,M,MARRIED,Y,SECONDARY,U62516,5.8,11.375,2.73,Equity Developed Market
CUST00000905,46,M,MARRIED,Y,UNIVERSITY,U43095,6.77,4.183,1.2,Fixed Income
CUST00000909,46,F,SINGLE,N,POSTGRADUATE,U62300,11.37,20.12,0.22,Equity Developed Market
CUST00000943,46,M,MARRIED,N,PRIMARY,U43095,6.77,4.183,1.2,Fixed Income
CUST00000009,47,F,MARRIED,Y,UNIVERSITY,U43095,6.77,4.183,1.2,Fixed Income
CUST00000017,47,F,MARRIED,Y,POSTGRADUATE,U62516,5.8,11.375,2.73,Equity Developed Market
CUST00000070,47,M,MARRIED,Y,POSTGRADUATE,U62743,4.09,11.095,7.32,Fixed Income
CUST00000380,47,M,MARRIED,Y,UNIVERSITY,U43095,6.77,4.183,1.2,Fixed Income
CUST00000424,47,M,MARRIED,Y,UNIVERSITY,U43095,6.77,4.183,1.2,Fixed Income
CUST00000432,47,F,MARRIED,N,POSTGRADUATE,U62300,11.37,20.12,0.22,Equity Developed Market
CUST00000493,47,F,SINGLE,N,PRIMARY,U62300,11.37,20.12,0.22,Equity Developed Market
CUST00000502,47,F,MARRIED,N,UNIVERSITY,U62300,11.37,20.12,0.22,Equity Developed Market
CUST00000568,47,F,MARRIED,Y,UNIVERSITY,U62743,4.09,11.095,7.32,Fixed Income
CUST00000574,47,M,MARRIED,N,UNIVERSITY,U62300,11.37,20.12,0.22,Equity Developed Market
CUST00000588,47,F,MARRIED,N,SECONDARY,U62300,11.37,20.12,0.22,Equity Developed Market
CUST00000633,47,M,MARRIED,Y,SECONDARY,U62300,11.37,20.12,0.22,Equity Developed Market
CUST00000645,47,M,MARRIED,Y,UNIVERSITY,U62516,5.8,11.375,2.73,Equity Developed Market
CUST00000803,47,F,MARRIED,N,SECONDARY,U62516,5.8,11.375,2.73,Equity Developed Market
CUST00000829,47,F,MARRIED,Y,SECONDARY,U62743,4.09,11.095,7.32,Fixed Income
CUST00000844,47,F,MARRIED,Y,SECONDARY,U62743,4.09,11.095,7.32,Fixed Income
CUST00000851,47,M,MARRIED,Y,SECONDARY,U43095,6.77,4.183,1.2,Fixed Income
CUST00000934,47,M,MARRIED,Y,UNIVERSITY,U43095,6.77,4.183,1.2,Fixed Income
CUST00000015,48,F,MARRIED,Y,UNIVERSITY,U62743,4.09,11.095,7.32,Fixed Income
CUST00000147,48,M,MARRIED,N,SECONDARY,U43095,6.77,4.183,1.2,Fixed Income
CUST00000229,48,M,MARRIED,Y,SECONDARY,U62743,4.09,11.095,7.32,Fixed Income
CUST00000367,48,M,MARRIED,N,SECONDARY,U62516,5.8,11.375,2.73,Equity Developed Market
CUST00000556,48,F,SINGLE,N,SECONDARY,U43095,6.77,4.183,1.2,Fixed Income
CUST00000638,48,F,MARRIED,N,UNIVERSITY,U43095,6.77,4.183,1.2,Fixed Income
CUST00000686,48,F,MARRIED,Y,SECONDARY,U62743,4.09,11.095,7.32,Fixed Income
CUST00000805,48,M,MARRIED,Y,UNIVERSITY,U43095,6.77,4.183,1.2,Fixed Income
CUST00000867,48,F,DIVORCED,Y,PRIMARY,U62516,5.8,11.375,2.73,Equity Developed Market
CUST00000869,48,M,SINGLE,N,SECONDARY,U62300,11.37,20.12,0.22,Equity Developed Market
CUST00000982,48,F,MARRIED,N,SECONDARY,U62300,11.37,20.12,0.22,Equity Developed Market
CUST00000045,49,F,MARRIED,Y,PRIMARY,U62743,4.09,11.095,7.32,Fixed Income
CUST00000130,49,F,SINGLE,N,SECONDARY,U43095,6.77,4.183,1.2,Fixed Income
CUST00000237,49,M,SINGLE,N,SECONDARY,U43095,6.77,4.183,1.2,Fixed Income
CUST00000259,49,F,WIDOWED,Y,SECONDARY,U62743,4.09,11.095,7.32,Fixed Income
CUST00000320,49,F,MARRIED,Y,POSTGRADUATE,U43095,6.77,4.183,1.2,Fixed Income
CUST00000377,49,M,MARRIED,Y,SECONDARY,U62516,5.8,11.375,2.73,Equity Developed Market
CUST00000461,49,M,WIDOWED,N,SECONDARY,U62300,11.37,20.12,0.22,Equity Developed Market
CUST00000490,49,M,MARRIED,Y,SECONDARY,U62743,4.09,11.095,7.32,Fixed Income
CUST00000523,49,F,SINGLE,N,SECONDARY,U43095,6.77,4.183,1.2,Fixed Income
CUST00000565,49,M,MARRIED,Y,SECONDARY,U62516,5.8,11.375,2.73,Equity Developed Market
CUST00000606,49,M,MARRIED,Y,SECONDARY,U62743,4.09,11.095,7.32,Fixed Income
CUST00000659,49,M,MARRIED,N,POSTGRADUATE,U43095,6.77,4.183,1.2,Fixed Income
CUST00000675,49,M,MARRIED,N,SECONDARY,U62300,11.37,20.12,0.22,Equity Developed Market
CUST00000699,49,M,MARRIED,Y,SECONDARY,U62743,4.09,11.095,7.32,Fixed Income
CUST00000016,50,F,MARRIED,Y,PRIMARY,U62516,5.8,11.375,2.73,Equity Developed Market
CUST00000080,50,M,SINGLE,N,SECONDARY,U62300,11.37,20.12,0.22,Equity Developed Market
CUST00000087,50,F,MARRIED,Y,UNIVERSITY,U62516,5.8,11.375,2.73,Equity Developed Market
CUST00000154,50,F,MARRIED,Y,UNIVERSITY,U43095,6.77,4.183,1.2,Fixed Income
CUST00000294,50,F,SINGLE,N,SECONDARY,U62516,5.8,11.375,2.73,Equity Developed Market
CUST00000417,50,M,MARRIED,N,SECONDARY,U43095,6.77,4.183,1.2,Fixed Income
CUST00000513,50,M,MARRIED,Y,SECONDARY,U62743,4.09,11.095,7.32,Fixed Income
CUST00000516,50,F,DIVORCED,N,SECONDARY,U62300,11.37,20.12,0.22,Equity Developed Market
CUST00000524,50,F,WIDOWED,N,SECONDARY,U62516,5.8,11.375,2.73,Equity Developed Market
CUST00000576,50,F,SINGLE,N,SECONDARY,U62516,5.8,11.375,2.73,Equity Developed Market
CUST00000636,50,M,MARRIED,N,SECONDARY,U62300,11.37,20.12,0.22,Equity Developed Market
CUST00000649,50,M,MARRIED,N,SECONDARY,U43095,6.77,4.183,1.2,Fixed Income
CUST00000678,50,F,MARRIED,Y,UNIVERSITY,U43095,6.77,4.183,1.2,Fixed Income
CUST00000680,50,M,MARRIED,Y,SECONDARY,U62516,5.8,11.375,2.73,Equity Developed Market
CUST00000716,50,M,MARRIED,N,SECONDARY,U62300,11.37,20.12,0.22,Equity Developed Market
CUST00000724,50,M,MARRIED,Y,SECONDARY,U62743,4.09,11.095,7.32,Fixed Income
CUST00000959,50,F,MARRIED,Y,UNIVERSITY,U62516,5.8,11.375,2.73,Equity Developed Market
CUST00000987,50,M,MARRIED,N,SECONDARY,U62300,11.37,20.12,0.22,Equity Developed Market
CUST00000001,51,F,WIDOWED,Y,UNIVERSITY,U43095,6.77,4.183,1.2,Fixed Income
CUST00000043,51,M,MARRIED,Y,PRIMARY,U43095,6.77,4.183,1.2,Fixed Income
CUST00000068,51,F,MARRIED,Y,PRIMARY,U43095,6.77,4.183,1.2,Fixed Income
CUST00000113,51,M,MARRIED,N,POSTGRADUATE,U43095,6.77,4.183,1.2,Fixed Income
CUST00000160,51,F,MARRIED,Y,UNIVERSITY,U43095,6.77,4.183,1.2,Fixed Income
CUST00000187,51,M,MARRIED,Y,SECONDARY,U62743,4.09,11.095,7.32,Fixed Income
CUST00000254,51,F,MARRIED,Y,UNIVERSITY,U43095,6.77,4.183,1.2,Fixed Income
CUST00000265,51,M,MARRIED,Y,UNIVERSITY,U43095,6.77,4.183,1.2,Fixed Income
CUST00000280,51,M,MARRIED,Y,UNIVERSITY,U43095,6.77,4.183,1.2,Fixed Income
CUST00000287,51,F,MARRIED,Y,POSTGRADUATE,U43095,6.77,4.183,1.2,Fixed Income
CUST00000361,51,F,MARRIED,N,PRIMARY,U43095,6.77,4.183,1.2,Fixed Income
CUST00000450,51,F,DIVORCED,Y,UNIVERSITY,U43095,6.77,4.183,1.2,Fixed Income
CUST00000474,51,M,MARRIED,Y,POSTGRADUATE,U62743,4.09,11.095,7.32,Fixed Income
CUST00000517,51,M,MARRIED,Y,SECONDARY,U43095,6.77,4.183,1.2,Fixed Income
CUST00000681,51,M,DIVORCED,Y,SECONDARY,U62743,4.09,11.095,7.32,Fixed Income
CUST00000706,51,F,MARRIED,N,SECONDARY,U43095,6.77,4.183,1.2,Fixed Income
CUST00000763,51,M,MARRIED,Y,PRIMARY,U62743,4.09,11.095,7.32,Fixed Income
CUST00000890,51,M,MARRIED,Y,SECONDARY,U62516,5.8,11.375,2.73,Equity Developed Market
CUST00000963,51,M,SINGLE,N,SECONDARY,U62516,5.8,11.375,2.73,Equity Developed Market
CUST00000086,52,F,MARRIED,Y,SECONDARY,U62516,5.8,11.375,2.73,Equity Developed Market
CUST00000198,52,F,MARRIED,Y,SECONDARY,U62516,5.8,11.375,2.73,Equity Developed Market
CUST00000244,52,F,MARRIED,Y,SECONDARY,U62516,5.8,11.375,2.73,Equity Developed Market
CUST00000324,52,M,MARRIED,Y,UNIVERSITY,U43095,6.77,4.183,1.2,Fixed Income
CUST00000561,52,M,MARRIED,N,SECONDARY,U43095,6.77,4.183,1.2,Fixed Income
CUST00000578,52,F,MARRIED,N,SECONDARY,U62300,11.37,20.12,0.22,Equity Developed Market
CUST00000615,52,M,MARRIED,N,SECONDARY,U62300,11.37,20.12,0.22,Equity Developed Market
CUST00000772,52,F,SINGLE,N,PRIMARY,U43095,6.77,4.183,1.2,Fixed Income
CUST00000821,52,F,MARRIED,Y,SECONDARY,U62516,5.8,11.375,2.73,Equity Developed Market
CUST00000886,52,M,MARRIED,N,SECONDARY,U62516,5.8,11.375,2.73,Equity Developed Market
CUST00000892,52,F,MARRIED,N,PRIMARY,U62516,5.8,11.375,2.73,Equity Developed Market
CUST00000896,52,F,MARRIED,Y,UNIVERSITY,U62743,4.09,11.095,7.32,Fixed Income
CUST00000971,52,M,SINGLE,N,UNIVERSITY,U62300,11.37,20.12,0.22,Equity Developed Market
CUST00000993,52,M,MARRIED,Y,PRIMARY,U62743,4.09,11.095,7.32,Fixed Income
CUST00000046,53,F,MARRIED,Y,SECONDARY,U62516,5.8,11.375,2.73,Equity Developed Market
CUST00000100,53,M,MARRIED,N,SECONDARY,U62300,11.37,20.12,0.22,Equity Developed Market
CUST00000190,53,M,MARRIED,Y,POSTGRADUATE,U43095,6.77,4.183,1.2,Fixed Income
CUST00000214,53,F,MARRIED,Y,SECONDARY,U62743,4.09,11.095,7.32,Fixed Income
CUST00000242,53,M,MARRIED,Y,SECONDARY,U62743,4.09,11.095,7.32,Fixed Income
CUST00000510,53,F,MARRIED,Y,PRIMARY,U43095,6.77,4.183,1.2,Fixed Income
CUST00000575,53,F,MARRIED,Y,SECONDARY,U43095,6.77,4.183,1.2,Fixed Income
CUST00000727,53,F,MARRIED,Y,SECONDARY,U62743,4.09,11.095,7.32,Fixed Income
CUST00000746,53,M,MARRIED,N,SECONDARY,U62300,11.37,20.12,0.22,Equity Developed Market
CUST00000850,53,M,MARRIED,Y,PRIMARY,U62516,5.8,11.375,2.73,Equity Developed Market
CUST00000911,53,F,MARRIED,Y,PRIMARY,U62743,4.09,11.095,7.32,Fixed Income
CUST00000962,53,M,MARRIED,Y,PRIMARY,U43095,6.77,4.183,1.2,Fixed Income
CUST00000153,54,F,MARRIED,N,PRIMARY,U62300,11.37,20.12,0.22,Equity Developed Market
CUST00000234,54,F,MARRIED,Y,SECONDARY,U43095,6.77,4.183,1.2,Fixed Income
CUST00000330,54,F,MARRIED,Y,SECONDARY,U62743,4.09,11.095,7.32,Fixed Income
CUST00000352,54,M,MARRIED,N,UNIVERSITY,U62300,11.37,20.12,0.22,Equity Developed Market
CUST00000355,54,F,MARRIED,Y,SECONDARY,U62743,4.09,11.095,7.32,Fixed Income
CUST00000356,54,F,MARRIED,Y,UNIVERSITY,U62516,5.8,11.375,2.73,Equity Developed Market
CUST00000430,54,F,MARRIED,N,SECONDARY,U43095,6.77,4.183,1.2,Fixed Income
CUST00000440,54,M,MARRIED,Y,SECONDARY,U62743,4.09,11.095,7.32,Fixed Income
CUST00000503,54,F,MARRIED,Y,PRIMARY,U43095,6.77,4.183,1.2,Fixed Income
CUST00000520,54,F,MARRIED,N,SECONDARY,U62516,5.8,11.375,2.73,Equity Developed Market
CUST00000602,54,M,SINGLE,N,UNIVERSITY,U43095,6.77,4.183,1.2,Fixed Income
CUST00000642,54,F,MARRIED,Y,PRIMARY,U62743,4.09,11.095,7.32,Fixed Income
CUST00000705,54,F,MARRIED,Y,PRIMARY,U62743,4.09,11.095,7.32,Fixed Income
CUST00000735,54,M,MARRIED,Y,SECONDARY,U43095,6.77,4.183,1.2,Fixed Income
CUST00000814,54,M,MARRIED,Y,SECONDARY,U43095,6.77,4.183,1.2,Fixed Income
CUST00000840,54,M,MARRIED,Y,SECONDARY,U62743,4.09,11.095,7.32,Fixed Income
CUST00000998,54,M,MARRIED,N,PRIMARY,U62516,5.8,11.375,2.73,Equity Developed Market
CUST00000136,55,F,MARRIED,Y,PRIMARY,U61753,19.8,19.953,0,Equity Developing Market
CUST00000206,55,M,DIVORCED,N,PRIMARY,U43261,0.53,10.52,6.4,Multi Asset
CUST00000235,55,F,MARRIED,Y,SECONDARY,U43261,0.53,10.52,6.4,Multi Asset
CUST00000325,55,M,MARRIED,Y,SECONDARY,U62743,4.09,11.095,7.32,Fixed Income
CUST00000366,55,F,DIVORCED,Y,SECONDARY,U62743,4.09,11.095,7.32,Fixed Income
CUST00000391,55,M,MARRIED,Y,PRIMARY,U43095,6.77,4.183,1.2,Fixed Income
CUST00000451,55,F,MARRIED,N,SECONDARY,U43261,0.53,10.52,6.4,Multi Asset
CUST00000455,55,M,MARRIED,Y,SECONDARY,U43261,0.53,10.52,6.4,Multi Asset
CUST00000497,55,F,MARRIED,Y,SECONDARY,U43261,0.53,10.52,6.4,Multi Asset
CUST00000572,55,F,MARRIED,N,SECONDARY,U43095,6.77,4.183,1.2,Fixed Income
CUST00000694,55,M,MARRIED,Y,PRIMARY,U62743,4.09,11.095,7.32,Fixed Income
CUST00000722,55,F,MARRIED,Y,POSTGRADUATE,U43261,0.53,10.52,6.4,Multi Asset
CUST00000750,55,F,MARRIED,Y,PRIMARY,U43095,6.77,4.183,1.2,Fixed Income
CUST00000752,55,M,MARRIED,Y,SECONDARY,U43261,0.53,10.52,6.4,Multi Asset
CUST00000756,55,F,WIDOWED,Y,SECONDARY,U43095,6.77,4.183,1.2,Fixed Income
CUST00000776,55,F,MARRIED,N,SECONDARY,U43095,6.77,4.183,1.2,Fixed Income
CUST00000779,55,F,MARRIED,Y,SECONDARY,U62650,6.52,12.42,2.37,Multi Asset
CUST00000877,55,M,MARRIED,Y,SECONDARY,U43261,0.53,10.52,6.4,Multi Asset
CUST00000879,55,M,MARRIED,N,UNIVERSITY,U43261,0.53,10.52,6.4,Multi Asset
CUST00000894,55,M,MARRIED,Y,SECONDARY,U43261,0.53,10.52,6.4,Multi Asset
CUST00000968,55,F,MARRIED,Y,SECONDARY,U43095,6.77,4.183,1.2,Fixed Income
CUST00000980,55,F,MARRIED,Y,UNIVERSITY,U43095,6.77,4.183,1.2,Fixed Income
CUST00000026,56,M,MARRIED,N,SECONDARY,U43261,0.53,10.52,6.4,Multi Asset
CUST00000034,56,F,WIDOWED,N,UNIVERSITY,U62743,4.09,11.095,7.32,Fixed Income
CUST00000051,56,M,MARRIED,Y,SECONDARY,U62743,4.09,11.095,7.32,Fixed Income
CUST00000069,56,M,MARRIED,N,SECONDARY,U43095,6.77,4.183,1.2,Fixed Income
CUST00000094,56,M,MARRIED,Y,UNIVERSITY,U43095,6.77,4.183,1.2,Fixed Income
CUST00000104,56,F,MARRIED,Y,SECONDARY,U43261,0.53,10.52,6.4,Multi Asset
CUST00000128,56,F,MARRIED,Y,UNIVERSITY,U62743,4.09,11.095,7.32,Fixed Income
CUST00000404,56,F,MARRIED,Y,UNIVERSITY,U43261,0.53,10.52,6.4,Multi Asset
CUST00000423,56,M,MARRIED,Y,SECONDARY,U43261,0.53,10.52,6.4,Multi Asset
CUST00000454,56,F,MARRIED,Y,UNIVERSITY,U43095,6.77,4.183,1.2,Fixed Income
CUST00000480,56,F,MARRIED,Y,SECONDARY,U62743,4.09,11.095,7.32,Fixed Income
CUST00000562,56,M,MARRIED,Y,UNIVERSITY,U43095,6.77,4.183,1.2,Fixed Income
CUST00000669,56,M,MARRIED,Y,SECONDARY,U62743,4.09,11.095,7.32,Fixed Income
CUST00000709,56,M,MARRIED,N,SECONDARY,U43261,0.53,10.52,6.4,Multi Asset
CUST00000760,56,M,MARRIED,Y,PRIMARY,U43261,0.53,10.52,6.4,Multi Asset
CUST00000859,56,M,MARRIED,Y,SECONDARY,U43261,0.53,10.52,6.4,Multi Asset
CUST00000915,56,M,MARRIED,Y,SECONDARY,U43261,0.53,10.52,6.4,Multi Asset
CUST00000933,56,F,MARRIED,N,SECONDARY,U43261,0.53,10.52,6.4,Multi Asset
CUST00000976,56,F,MARRIED,Y,POSTGRADUATE,U43261,0.53,10.52,6.4,Multi Asset
CUST00000978,56,F,MARRIED,Y,PRIMARY,U43095,6.77,4.183,1.2,Fixed Income
CUST00000985,56,F,MARRIED,Y,SECONDARY,U43261,0.53,10.52,6.4,Multi Asset
CUST00000038,57,F,MARRIED,Y,POSTGRADUATE,U43261,0.53,10.52,6.4,Multi Asset
CUST00000041,57,M,MARRIED,Y,UNIVERSITY,U62743,4.09,11.095,7.32,Fixed Income
CUST00000165,57,M,MARRIED,Y,PRIMARY,U62743,4.09,11.095,7.32,Fixed Income
CUST00000207,57,M,MARRIED,Y,SECONDARY,U62743,4.09,11.095,7.32,Fixed Income
CUST00000295,57,F,MARRIED,Y,UNIVERSITY,U43261,0.53,10.52,6.4,Multi Asset
CUST00000339,57,F,MARRIED,Y,POSTGRADUATE,U43095,6.77,4.183,1.2,Fixed Income
CUST00000487,57,M,MARRIED,Y,PRIMARY,U43261,0.53,10.52,6.4,Multi Asset
CUST00000541,57,F,MARRIED,Y,UNIVERSITY,U43095,6.77,4.183,1.2,Fixed Income
CUST00000563,57,F,MARRIED,Y,SECONDARY,U43261,0.53,10.52,6.4,Multi Asset
CUST00000591,57,F,MARRIED,Y,SECONDARY,U43261,0.53,10.52,6.4,Multi Asset
CUST00000637,57,F,MARRIED,N,SECONDARY,U43095,6.77,4.183,1.2,Fixed Income
CUST00000715,57,F,MARRIED,Y,SECONDARY,U43095,6.77,4.183,1.2,Fixed Income
CUST00000744,57,M,SINGLE,N,SECONDARY,U62743,4.09,11.095,7.32,Fixed Income
CUST00000883,57,F,MARRIED,Y,PRIMARY,U43261,0.53,10.52,6.4,Multi Asset
CUST00000885,57,F,MARRIED,N,UNIVERSITY,U43261,0.53,10.52,6.4,Multi Asset
CUST00000914,57,F,MARRIED,N,SECONDARY,U43095,6.77,4.183,1.2,Fixed Income
CUST00000118,58,M,MARRIED,Y,SECONDARY,U43261,0.53,10.52,6.4,Multi Asset
CUST00000170,58,M,MARRIED,Y,PRIMARY,U62516,5.8,11.375,2.73,Equity Developed Market
CUST00000191,58,M,MARRIED,Y,SECONDARY,U43261,0.53,10.52,6.4,Multi Asset
CUST00000223,58,F,MARRIED,Y,UNIVERSITY,U43095,6.77,4.183,1.2,Fixed Income
CUST00000226,58,F,MARRIED,Y,SECONDARY,U43261,0.53,10.52,6.4,Multi Asset
CUST00000261,58,M,MARRIED,Y,UNIVERSITY,U62743,4.09,11.095,7.32,Fixed Income
CUST00000281,58,M,DIVORCED,Y,PRIMARY,U43095,6.77,4.183,1.2,Fixed Income
CUST00000388,58,M,MARRIED,Y,PRIMARY,U43095,6.77,4.183,1.2,Fixed Income
CUST00000422,58,M,MARRIED,Y,PRIMARY,U43261,0.53,10.52,6.4,Multi Asset
CUST00000545,58,M,MARRIED,N,SECONDARY,U62743,4.09,11.095,7.32,Fixed Income
CUST00000586,58,M,MARRIED,Y,UNIVERSITY,U43095,6.77,4.183,1.2,Fixed Income
CUST00000965,58,F,MARRIED,N,SECONDARY,U43095,6.77,4.183,1.2,Fixed Income
CUST00000999,58,M,MARRIED,N,SECONDARY,U43095,6.77,4.183,1.2,Fixed Income
CUST00000028,59,F,MARRIED,Y,UNIVERSITY,U43095,6.77,4.183,1.2,Fixed Income
CUST00000042,59,F,MARRIED,Y,UNIVERSITY,U43095,6.77,4.183,1.2,Fixed Income
CUST00000061,59,M,MARRIED,Y,PRIMARY,U62743,4.09,11.095,7.32,Fixed Income
CUST00000114,59,F,MARRIED,Y,PRIMARY,U62516,5.8,11.375,2.73,Equity Developed Market
CUST00000132,59,F,MARRIED,Y,UNIVERSITY,U43261,0.53,10.52,6.4,Multi Asset
CUST00000270,59,F,MARRIED,N,UNIVERSITY,U43261,0.53,10.52,6.4,Multi Asset
CUST00000395,59,M,MARRIED,Y,SECONDARY,U43261,0.53,10.52,6.4,Multi Asset
CUST00000470,59,M,MARRIED,Y,SECONDARY,U43261,0.53,10.52,6.4,Multi Asset
CUST00000668,59,M,MARRIED,Y,PRIMARY,U43261,0.53,10.52,6.4,Multi Asset
CUST00000708,59,F,MARRIED,Y,SECONDARY,U43095,6.77,4.183,1.2,Fixed Income
CUST00000728,59,M,MARRIED,Y,PRIMARY,U62743,4.09,11.095,7.32,Fixed Income
CUST00000823,59,F,MARRIED,Y,UNIVERSITY,U43095,6.77,4.183,1.2,Fixed Income
CUST00000910,59,F,MARRIED,Y,SECONDARY,U43261,0.53,10.52,6.4,Multi Asset
CUST00000054,60,F,MARRIED,N,POSTGRADUATE,U43261,0.53,10.52,6.4,Multi Asset
CUST00000078,60,F,MARRIED,Y,PRIMARY,U62743,4.09,11.095,7.32,Fixed Income
CUST00000097,60,M,MARRIED,Y,SECONDARY,U43095,6.77,4.183,1.2,Fixed Income
CUST00000115,60,M,MARRIED,Y,PRIMARY,U62516,5.8,11.375,2.73,Equity Developed Market
CUST00000129,60,F,MARRIED,Y,SECONDARY,U62743,4.09,11.095,7.32,Fixed Income
CUST00000133,60,M,MARRIED,Y,PRIMARY,U43261,0.53,10.52,6.4,Multi Asset
CUST00000238,60,M,MARRIED,N,PRIMARY,U43261,0.53,10.52,6.4,Multi Asset
CUST00000252,60,M,MARRIED,Y,PRIMARY,U62743,4.09,11.095,7.32,Fixed Income
CUST00000413,60,F,MARRIED,N,SECONDARY,U43261,0.53,10.52,6.4,Multi Asset
CUST00000471,60,F,MARRIED,N,SECONDARY,U62516,5.8,11.375,2.73,Equity Developed Market
CUST00000478,60,F,MARRIED,Y,UNIVERSITY,U43261,0.53,10.52,6.4,Multi Asset
CUST00000918,60,F,MARRIED,Y,POSTGRADUATE,U62650,6.52,12.42,2.37,Multi Asset
CUST00000961,60,F,MARRIED,Y,POSTGRADUATE,U43095,6.77,4.183,1.2,Fixed Income
CUST00000014,61,M,SINGLE,N,POSTGRADUATE,U62743,4.09,11.095,7.32,Fixed Income
CUST00000029,61,M,MARRIED,Y,PRIMARY,U62743,4.09,11.095,7.32,Fixed Income
CUST00000032,61,F,MARRIED,Y,SECONDARY,U43261,0.53,10.52,6.4,Multi Asset
CUST00000077,61,F,MARRIED,Y,POSTGRADUATE,U43261,0.53,10.52,6.4,Multi Asset
CUST00000111,61,F,MARRIED,Y,PRIMARY,U43261,0.53,10.52,6.4,Multi Asset
CUST00000152,61,F,MARRIED,Y,SECONDARY,U43261,0.53,10.52,6.4,Multi Asset
CUST00000224,61,M,MARRIED,Y,SECONDARY,U43261,0.53,10.52,6.4,Multi Asset
CUST00000267,61,M,MARRIED,Y,SECONDARY,U43261,0.53,10.52,6.4,Multi Asset
CUST00000269,61,M,MARRIED,Y,SECONDARY,U43261,0.53,10.52,6.4,Multi Asset
CUST00000318,61,M,MARRIED,Y,UNIVERSITY,U43095,6.77,4.183,1.2,Fixed Income
CUST00000340,61,M,SINGLE,N,SECONDARY,U62743,4.09,11.095,7.32,Fixed Income
CUST00000420,61,F,MARRIED,Y,POSTGRADUATE,U43261,0.53,10.52,6.4,Multi Asset
CUST00000604,61,F,MARRIED,N,PRIMARY,U62743,4.09,11.095,7.32,Fixed Income
CUST00000652,61,F,MARRIED,Y,UNIVERSITY,U62650,6.52,12.42,2.37,Multi Asset
CUST00000742,61,M,SINGLE,N,PRIMARY,U43261,0.53,10.52,6.4,Multi Asset
CUST00000835,61,M,MARRIED,Y,PRIMARY,U43261,0.53,10.52,6.4,Multi Asset
CUST00000893,61,F,MARRIED,N,SECONDARY,U43261,0.53,10.52,6.4,Multi Asset
CUST00000957,61,F,MARRIED,Y,SECONDARY,U43261,0.53,10.52,6.4,Multi Asset
CUST00000970,61,M,MARRIED,Y,PRIMARY,U43261,0.53,10.52,6.4,Multi Asset
CUST00000018,62,F,MARRIED,Y,UNIVERSITY,U43261,0.53,10.52,6.4,Multi Asset
CUST00000075,62,F,MARRIED,Y,SECONDARY,U43261,0.53,10.52,6.4,Multi Asset
CUST00000179,62,M,MARRIED,N,POSTGRADUATE,U62743,4.09,11.095,7.32,Fixed Income
CUST00000240,62,F,MARRIED,Y,UNIVERSITY,U43261,0.53,10.52,6.4,Multi Asset
CUST00000250,62,F,MARRIED,Y,SECONDARY,U43261,0.53,10.52,6.4,Multi Asset
CUST00000262,62,F,MARRIED,Y,SECONDARY,U43095,6.77,4.183,1.2,Fixed Income
CUST00000329,62,F,SINGLE,N,SECONDARY,U43261,0.53,10.52,6.4,Multi Asset
CUST00000337,62,M,MARRIED,Y,UNIVERSITY,U43261,0.53,10.52,6.4,Multi Asset
CUST00000597,62,F,MARRIED,Y,SECONDARY,U62300,11.37,20.12,0.22,Equity Developed Market
CUST00000616,62,M,MARRIED,Y,PRIMARY,U43095,6.77,4.183,1.2,Fixed Income
CUST00000720,62,M,MARRIED,Y,PRIMARY,U43095,6.77,4.183,1.2,Fixed Income
CUST00000798,62,M,WIDOWED,N,PRIMARY,U62743,4.09,11.095,7.32,Fixed Income
CUST00000927,62,M,MARRIED,Y,SECONDARY,U43095,6.77,4.183,1.2,Fixed Income
CUST00000932,62,F,MARRIED,Y,PRIMARY,U43261,0.53,10.52,6.4,Multi Asset
CUST00000983,62,F,MARRIED,N,PRIMARY,U62743,4.09,11.095,7.32,Fixed Income
CUST00000056,63,F,MARRIED,Y,SECONDARY,U43261,0.53,10.52,6.4,Multi Asset
CUST00000071,63,F,MARRIED,Y,PRIMARY,U43261,0.53,10.52,6.4,Multi Asset
CUST00000177,63,F,MARRIED,N,PRIMARY,U43261,0.53,10.52,6.4,Multi Asset
CUST00000208,63,F,MARRIED,Y,SECONDARY,U43261,0.53,10.52,6.4,Multi Asset
CUST00000216,63,M,MARRIED,Y,SECONDARY,U43095,6.77,4.183,1.2,Fixed Income
CUST00000376,63,M,MARRIED,Y,PRIMARY,U43261,0.53,10.52,6.4,Multi Asset
CUST00000381,63,M,MARRIED,Y,UNIVERSITY,U43261,0.53,10.52,6.4,Multi Asset
CUST00000393,63,F,MARRIED,Y,SECONDARY,U43261,0.53,10.52,6.4,Multi Asset
CUST00000467,63,F,MARRIED,Y,SECONDARY,U43095,6.77,4.183,1.2,Fixed Income
CUST00000511,63,F,WIDOWED,Y,PRIMARY,U62743,4.09,11.095,7.32,Fixed Income
CUST00000519,63,M,MARRIED,Y,PRIMARY,U43095,6.77,4.183,1.2,Fixed Income
CUST00000584,63,M,MARRIED,Y,SECONDARY,U43261,0.53,10.52,6.4,Multi Asset
CUST00000599,63,F,MARRIED,Y,PRIMARY,U43095,6.77,4.183,1.2,Fixed Income
CUST00000736,63,M,WIDOWED,N,SECONDARY,U62743,4.09,11.095,7.32,Fixed Income
CUST00000809,63,F,MARRIED,Y,PRIMARY,U43261,0.53,10.52,6.4,Multi Asset
CUST00000832,63,F,MARRIED,Y,UNIVERSITY,U43095,6.77,4.183,1.2,Fixed Income
CUST00000027,64,M,MARRIED,Y,SECONDARY,U43095,6.77,4.183,1.2,Fixed Income
CUST00000107,64,M,MARRIED,Y,PRIMARY,U43261,0.53,10.52,6.4,Multi Asset
CUST00000222,64,F,WIDOWED,Y,POSTGRADUATE,U43261,0.53,10.52,6.4,Multi Asset
CUST00000230,64,M,MARRIED,Y,SECONDARY,U43261,0.53,10.52,6.4,Multi Asset
CUST00000303,64,M,MARRIED,Y,SECONDARY,U43261,0.53,10.52,6.4,Multi Asset
CUST00000360,64,F,MARRIED,Y,SECONDARY,U43095,6.77,4.183,1.2,Fixed Income
CUST00000399,64,M,MARRIED,N,PRIMARY,U62650,6.52,12.42,2.37,Multi Asset
CUST00000526,64,F,MARRIED,Y,UNIVERSITY,U43095,6.77,4.183,1.2,Fixed Income
CUST00000618,64,M,MARRIED,Y,PRIMARY,U43095,6.77,4.183,1.2,Fixed Income
CUST00000713,64,F,WIDOWED,Y,UNIVERSITY,U43095,6.77,4.183,1.2,Fixed Income
CUST00000785,64,M,MARRIED,Y,SECONDARY,U43095,6.77,4.183,1.2,Fixed Income
CUST00000804,64,F,MARRIED,N,PRIMARY,U43095,6.77,4.183,1.2,Fixed Income
CUST00000806,64,M,SINGLE,N,SECONDARY,U62300,11.37,20.12,0.22,Equity Developed Market
CUST00000967,64,F,SINGLE,N,SECONDARY,U43261,0.53,10.52,6.4,Multi Asset
CUST00000989,64,F,MARRIED,Y,POSTGRADUATE,U43261,0.53,10.52,6.4,Multi Asset
CUST00000059,65,F,MARRIED,Y,PRIMARY,U43095,6.77,4.183,1.2,Fixed Income
CUST00000164,65,M,MARRIED,Y,SECONDARY,U43261,0.53,10.52,6.4,Multi Asset
CUST00000213,65,F,MARRIED,Y,SECONDARY,U43261,0.53,10.52,6.4,Multi Asset
CUST00000247,65,F,MARRIED,Y,SECONDARY,U43261,0.53,10.52,6.4,Multi Asset
CUST00000248,65,M,MARRIED,Y,SECONDARY,U62743,4.09,11.095,7.32,Fixed Income
CUST00000251,65,F,MARRIED,Y,POSTGRADUATE,U62743,4.09,11.095,7.32,Fixed Income
CUST00000301,65,F,MARRIED,N,SECONDARY,U43261,0.53,10.52,6.4,Multi Asset
CUST00000459,65,M,MARRIED,Y,SECONDARY,U43095,6.77,4.183,1.2,Fixed Income
CUST00000534,65,M,MARRIED,Y,SECONDARY,U43261,0.53,10.52,6.4,Multi Asset
CUST00000542,65,M,MARRIED,Y,PRIMARY,U43095,6.77,4.183,1.2,Fixed Income
CUST00000559,65,M,MARRIED,N,UNIVERSITY,U43095,6.77,4.183,1.2,Fixed Income
CUST00000595,65,M,MARRIED,Y,SECONDARY,U62743,4.09,11.095,7.32,Fixed Income
CUST00000605,65,F,MARRIED,N,SECONDARY,U43261,0.53,10.52,6.4,Multi Asset
CUST00000607,65,M,MARRIED,Y,SECONDARY,U43261,0.53,10.52,6.4,Multi Asset
CUST00000620,65,F,WIDOWED,Y,SECONDARY,U62743,4.09,11.095,7.32,Fixed Income
CUST00000635,65,F,WIDOWED,Y,PRIMARY,U43261,0.53,10.52,6.4,Multi Asset
CUST00000641,65,F,MARRIED,Y,PRIMARY,U43095,6.77,4.183,1.2,Fixed Income
CUST00000676,65,F,MARRIED,Y,PRIMARY,U43261,0.53,10.52,6.4,Multi Asset
CUST00000793,65,F,MARRIED,Y,SECONDARY,U62650,6.52,12.42,2.37,Multi Asset
CUST00000796,65,F,MARRIED,N,SECONDARY,U43261,0.53,10.52,6.4,Multi Asset
CUST00000847,65,M,MARRIED,Y,POSTGRADUATE,U43261,0.53,10.52,6.4,Multi Asset
CUST00000012,66,M,MARRIED,Y,POSTGRADUATE,U43095,6.77,4.183,1.2,Fixed Income
CUST00000101,66,F,MARRIED,Y,PRIMARY,U43261,0.53,10.52,6.4,Multi Asset
CUST00000117,66,M,MARRIED,Y,SECONDARY,U62650,6.52,12.42,2.37,Multi Asset
CUST00000159,66,F,MARRIED,Y,UNIVERSITY,U43261,0.53,10.52,6.4,Multi Asset
CUST00000276,66,F,MARRIED,Y,PRIMARY,U43261,0.53,10.52,6.4,Multi Asset
CUST00000277,66,M,MARRIED,Y,PRIMARY,U43095,6.77,4.183,1.2,Fixed Income
CUST00000428,66,F,MARRIED,Y,SECONDARY,U43095,6.77,4.183,1.2,Fixed Income
CUST00000504,66,F,MARRIED,Y,SECONDARY,U62743,4.09,11.095,7.32,Fixed Income
CUST00000533,66,M,MARRIED,Y,SECONDARY,U43261,0.53,10.52,6.4,Multi Asset
CUST00000569,66,M,SINGLE,N,PRIMARY,U43261,0.53,10.52,6.4,Multi Asset
CUST00000758,66,F,MARRIED,Y,SECONDARY,U43261,0.53,10.52,6.4,Multi Asset
CUST00000864,66,M,MARRIED,Y,SECONDARY,U43261,0.53,10.52,6.4,Multi Asset
CUST00000900,66,M,MARRIED,Y,PRIMARY,U62743,4.09,11.095,7.32,Fixed Income
CUST00000994,66,F,MARRIED,Y,PRIMARY,U43261,0.53,10.52,6.4,Multi Asset
CUST00000030,67,F,MARRIED,Y,UNIVERSITY,U43261,0.53,10.52,6.4,Multi Asset
CUST00000063,67,M,MARRIED,Y,SECONDARY,U43095,6.77,4.183,1.2,Fixed Income
CUST00000184,67,F,MARRIED,Y,UNIVERSITY,U43095,6.77,4.183,1.2,Fixed Income
CUST00000278,67,F,MARRIED,Y,SECONDARY,U43261,0.53,10.52,6.4,Multi Asset
CUST00000296,67,M,MARRIED,Y,SECONDARY,U43261,0.53,10.52,6.4,Multi Asset
CUST00000312,67,F,MARRIED,N,SECONDARY,U43261,0.53,10.52,6.4,Multi Asset
CUST00000369,67,M,DIVORCED,Y,PRIMARY,U62516,5.8,11.375,2.73,Equity Developed Market
CUST00000434,67,F,MARRIED,Y,SECONDARY,U43261,0.53,10.52,6.4,Multi Asset
CUST00000447,67,F,MARRIED,Y,SECONDARY,U62743,4.09,11.095,7.32,Fixed Income
CUST00000505,67,M,MARRIED,Y,UNIVERSITY,U43261,0.53,10.52,6.4,Multi Asset
CUST00000632,67,M,MARRIED,Y,POSTGRADUATE,U43095,6.77,4.183,1.2,Fixed Income
CUST00000833,67,M,MARRIED,N,SECONDARY,U43261,0.53,10.52,6.4,Multi Asset
CUST00000868,67,M,MARRIED,Y,SECONDARY,U43261,0.53,10.52,6.4,Multi Asset
CUST00000928,67,M,WIDOWED,Y,UNIVERSITY,U62743,4.09,11.095,7.32,Fixed Income
CUST00000013,68,F,DIVORCED,Y,SECONDARY,U62743,4.09,11.095,7.32,Fixed Income
CUST00000074,68,F,MARRIED,N,PRIMARY,U43095,6.77,4.183,1.2,Fixed Income
CUST00000156,68,F,MARRIED,Y,PRIMARY,U43095,6.77,4.183,1.2,Fixed Income
CUST00000183,68,M,MARRIED,Y,SECONDARY,U43261,0.53,10.52,6.4,Multi Asset
CUST00000194,68,M,MARRIED,Y,PRIMARY,U62743,4.09,11.095,7.32,Fixed Income
CUST00000215,68,M,MARRIED,Y,SECONDARY,U62516,5.8,11.375,2.73,Equity Developed Market
CUST00000384,68,M,MARRIED,Y,PRIMARY,U43261,0.53,10.52,6.4,Multi Asset
CUST00000401,68,F,MARRIED,Y,PRIMARY,U43261,0.53,10.52,6.4,Multi Asset
CUST00000412,68,F,MARRIED,Y,PRIMARY,U43261,0.53,10.52,6.4,Multi Asset
CUST00000473,68,M,MARRIED,Y,POSTGRADUATE,U43095,6.77,4.183,1.2,Fixed Income
CUST00000702,68,F,MARRIED,Y,UNIVERSITY,U43261,0.53,10.52,6.4,Multi Asset
CUST00000734,68,M,MARRIED,Y,SECONDARY,U43095,6.77,4.183,1.2,Fixed Income
CUST00000745,68,M,MARRIED,Y,SECONDARY,U62743,4.09,11.095,7.32,Fixed Income
CUST00000812,68,F,MARRIED,Y,SECONDARY,U43261,0.53,10.52,6.4,Multi Asset
CUST00000838,68,F,SINGLE,N,PRIMARY,U62516,5.8,11.375,2.73,Equity Developed Market
CUST00000843,68,F,MARRIED,Y,SECONDARY,U62743,4.09,11.095,7.32,Fixed Income
CUST00000008,69,F,MARRIED,Y,UNIVERSITY,U43261,0.53,10.52,6.4,Multi Asset
CUST00000073,69,M,MARRIED,Y,SECONDARY,U62743,4.09,11.095,7.32,Fixed Income
CUST00000089,69,M,MARRIED,Y,SECONDARY,U62743,4.09,11.095,7.32,Fixed Income
CUST00000122,69,M,MARRIED,Y,PRIMARY,U43261,0.53,10.52,6.4,Multi Asset
CUST00000146,69,M,MARRIED,Y,PRIMARY,U43095,6.77,4.183,1.2,Fixed Income
CUST00000210,69,F,MARRIED,Y,SECONDARY,U43261,0.53,10.52,6.4,Multi Asset
CUST00000218,69,M,MARRIED,N,SECONDARY,U62743,4.09,11.095,7.32,Fixed Income
CUST00000271,69,F,MARRIED,Y,SECONDARY,U43261,0.53,10.52,6.4,Multi Asset
CUST00000405,69,M,SINGLE,N,PRIMARY,U62300,11.37,20.12,0.22,Equity Developed Market
CUST00000419,69,M,MARRIED,N,SECONDARY,U62743,4.09,11.095,7.32,Fixed Income
CUST00000421,69,F,MARRIED,Y,SECONDARY,U43261,0.53,10.52,6.4,Multi Asset
CUST00000508,69,F,MARRIED,Y,SECONDARY,U62743,4.09,11.095,7.32,Fixed Income
CUST00000554,69,F,MARRIED,Y,SECONDARY,U43095,6.77,4.183,1.2,Fixed Income
CUST00000579,69,F,MARRIED,Y,SECONDARY,U43261,0.53,10.52,6.4,Multi Asset
CUST00000634,69,F,MARRIED,Y,POSTGRADUATE,U43261,0.53,10.52,6.4,Multi Asset
CUST00000748,69,F,MARRIED,Y,UNIVERSITY,U43095,6.77,4.183,1.2,Fixed Income
CUST00000800,69,F,MARRIED,Y,SECONDARY,U43261,0.53,10.52,6.4,Multi Asset
CUST00000834,69,M,MARRIED,Y,UNIVERSITY,U43095,6.77,4.183,1.2,Fixed Income
CUST00000863,69,M,SINGLE,N,POSTGRADUATE,U43261,0.53,10.52,6.4,Multi Asset
CUST00000873,69,F,MARRIED,Y,PRIMARY,U43095,6.77,4.183,1.2,Fixed Income
CUST00000972,69,M,MARRIED,Y,PRIMARY,U43261,0.53,10.52,6.4,Multi Asset
CUST00000996,69,M,MARRIED,Y,SECONDARY,U43261,0.53,10.52,6.4,Multi Asset
CUST00000169,70,F,MARRIED,Y,SECONDARY,U43095,6.77,4.183,1.2,Fixed Income
CUST00000300,70,M,MARRIED,Y,SECONDARY,U43095,6.77,4.183,1.2,Fixed Income
CUST00000382,70,M,MARRIED,Y,SECONDARY,U43095,6.77,4.183,1.2,Fixed Income
CUST00000494,70,F,MARRIED,Y,PRIMARY,U43261,0.53,10.52,6.4,Multi Asset
CUST00000674,70,M,MARRIED,Y,PRIMARY,U62300,11.37,20.12,0.22,Equity Developed Market
CUST00000689,70,F,MARRIED,N,PRIMARY,U62743,4.09,11.095,7.32,Fixed Income
CUST00000726,70,F,MARRIED,Y,UNIVERSITY,U43261,0.53,10.52,6.4,Multi Asset
CUST00000732,70,F,MARRIED,Y,SECONDARY,U62743,4.09,11.095,7.32,Fixed Income
CUST00000137,71,F,SINGLE,N,SECONDARY,U62743,4.09,11.095,7.32,Fixed Income
CUST00000171,71,M,SINGLE,N,PRIMARY,U43261,0.53,10.52,6.4,Multi Asset
CUST00000266,71,F,MARRIED,Y,SECONDARY,U43095,6.77,4.183,1.2,Fixed Income
CUST00000268,71,M,MARRIED,Y,PRIMARY,U43095,6.77,4.183,1.2,Fixed Income
CUST00000501,71,F,MARRIED,Y,SECONDARY,U43261,0.53,10.52,6.4,Multi Asset
CUST00000509,71,F,MARRIED,Y,SECONDARY,U43261,0.53,10.52,6.4,Multi Asset
CUST00000594,71,F,SINGLE,N,PRIMARY,U62743,4.09,11.095,7.32,Fixed Income
CUST00000657,71,F,MARRIED,Y,PRIMARY,U43095,6.77,4.183,1.2,Fixed Income
CUST00000664,71,F,MARRIED,Y,SECONDARY,U43261,0.53,10.52,6.4,Multi Asset
CUST00000683,71,F,MARRIED,Y,PRIMARY,U43261,0.53,10.52,6.4,Multi Asset
CUST00000710,71,F,MARRIED,Y,SECONDARY,U62743,4.09,11.095,7.32,Fixed Income
CUST00000754,71,M,MARRIED,Y,PRIMARY,U62743,4.09,11.095,7.32,Fixed Income
CUST00000816,71,M,MARRIED,Y,PRIMARY,U43095,6.77,4.183,1.2,Fixed Income
CUST00000837,71,M,MARRIED,Y,SECONDARY,U43095,6.77,4.183,1.2,Fixed Income
CUST00000866,71,M,MARRIED,Y,PRIMARY,U62743,4.09,11.095,7.32,Fixed Income
CUST00000942,71,M,MARRIED,Y,PRIMARY,U43095,6.77,4.183,1.2,Fixed Income
CUST00000992,71,F,MARRIED,Y,PRIMARY,U62300,11.37,20.12,0.22,Equity Developed Market
CUST00000047,72,M,SINGLE,N,SECONDARY,U62743,4.09,11.095,7.32,Fixed Income
CUST00000058,72,F,MARRIED,Y,PRIMARY,U62516,5.8,11.375,2.73,Equity Developed Market
CUST00000085,72,M,MARRIED,Y,PRIMARY,U43261,0.53,10.52,6.4,Multi Asset
CUST00000095,72,M,MARRIED,Y,SECONDARY,U62650,6.52,12.42,2.37,Multi Asset
CUST00000162,72,F,MARRIED,Y,SECONDARY,U43095,6.77,4.183,1.2,Fixed Income
CUST00000181,72,F,MARRIED,Y,PRIMARY,U62650,6.52,12.42,2.37,Multi Asset
CUST00000370,72,M,MARRIED,Y,UNIVERSITY,U43261,0.53,10.52,6.4,Multi Asset
CUST00000407,72,F,MARRIED,Y,PRIMARY,U43261,0.53,10.52,6.4,Multi Asset
CUST00000492,72,F,MARRIED,Y,SECONDARY,U62300,11.37,20.12,0.22,Equity Developed Market
CUST00000514,72,M,MARRIED,Y,SECONDARY,U62743,4.09,11.095,7.32,Fixed Income
CUST00000521,72,F,MARRIED,N,SECONDARY,U43095,6.77,4.183,1.2,Fixed Income
CUST00000582,72,M,MARRIED,Y,SECONDARY,U43261,0.53,10.52,6.4,Multi Asset
CUST00000585,72,M,MARRIED,Y,PRIMARY,U62743,4.09,11.095,7.32,Fixed Income
CUST00000608,72,M,MARRIED,Y,PRIMARY,U43095,6.77,4.183,1.2,Fixed Income
CUST00000621,72,M,MARRIED,Y,UNIVERSITY,U43261,0.53,10.52,6.4,Multi Asset
CUST00000643,72,F,SINGLE,N,PRIMARY,U43095,6.77,4.183,1.2,Fixed Income
CUST00000672,72,F,MARRIED,Y,SECONDARY,U43095,6.77,4.183,1.2,Fixed Income
CUST00000698,72,F,MARRIED,Y,PRIMARY,U62300,11.37,20.12,0.22,Equity Developed Market
CUST00000753,72,F,MARRIED,Y,SECONDARY,U43095,6.77,4.183,1.2,Fixed Income
CUST00000817,72,F,MARRIED,Y,POSTGRADUATE,U43095,6.77,4.183,1.2,Fixed Income
CUST00000841,72,F,MARRIED,Y,SECONDARY,U43261,0.53,10.52,6.4,Multi Asset
CUST00000916,72,M,MARRIED,Y,PRIMARY,U43095,6.77,4.183,1.2,Fixed Income
CUST00000948,72,M,MARRIED,Y,PRIMARY,U43261,0.53,10.52,6.4,Multi Asset
CUST00000981,72,F,MARRIED,Y,SECONDARY,U43261,0.53,10.52,6.4,Multi Asset
CUST00000024,73,F,WIDOWED,Y,SECONDARY,U43261,0.53,10.52,6.4,Multi Asset
CUST00000091,73,F,MARRIED,Y,PRIMARY,U62743,4.09,11.095,7.32,Fixed Income
CUST00000141,73,M,MARRIED,Y,UNIVERSITY,U43261,0.53,10.52,6.4,Multi Asset
CUST00000225,73,M,MARRIED,Y,PRIMARY,U43261,0.53,10.52,6.4,Multi Asset
CUST00000322,73,M,SINGLE,N,PRIMARY,U43261,0.53,10.52,6.4,Multi Asset
CUST00000387,73,F,MARRIED,N,PRIMARY,U43261,0.53,10.52,6.4,Multi Asset
CUST00000390,73,F,MARRIED,Y,PRIMARY,U43261,0.53,10.52,6.4,Multi Asset
CUST00000495,73,F,MARRIED,Y,PRIMARY,U43261,0.53,10.52,6.4,Multi Asset
CUST00000619,73,F,MARRIED,Y,SECONDARY,U62743,4.09,11.095,7.32,Fixed Income
CUST00000901,73,F,MARRIED,Y,PRIMARY,U43095,6.77,4.183,1.2,Fixed Income
CUST00000902,73,M,MARRIED,N,PRIMARY,U43261,0.53,10.52,6.4,Multi Asset
CUST00000951,73,M,MARRIED,Y,UNIVERSITY,U43261,0.53,10.52,6.4,Multi Asset
CUST00000955,73,F,MARRIED,Y,SECONDARY,U43261,0.53,10.52,6.4,Multi Asset
CUST00000979,73,F,SINGLE,N,PRIMARY,U43095,6.77,4.183,1.2,Fixed Income
CUST00000011,74,F,SINGLE,N,SECONDARY,U62743,4.09,11.095,7.32,Fixed Income
CUST00000211,74,M,MARRIED,Y,SECONDARY,U43095,6.77,4.183,1.2,Fixed Income
CUST00000253,74,F,SINGLE,N,PRIMARY,U43095,6.77,4.183,1.2,Fixed Income
CUST00000288,74,F,MARRIED,Y,PRIMARY,U43095,6.77,4.183,1.2,Fixed Income
CUST00000326,74,F,MARRIED,Y,SECONDARY,U62743,4.09,11.095,7.32,Fixed Income
CUST00000342,74,M,SINGLE,N,PRIMARY,U62743,4.09,11.095,7.32,Fixed Income
CUST00000406,74,F,MARRIED,Y,PRIMARY,U43095,6.77,4.183,1.2,Fixed Income
CUST00000845,74,F,MARRIED,Y,SECONDARY,U43095,6.77,4.183,1.2,Fixed Income
CUST00000870,74,M,MARRIED,Y,SECONDARY,U62516,5.8,11.375,2.73,Equity Developed Market
CUST00000937,74,M,MARRIED,Y,UNIVERSITY,U43095,6.77,4.183,1.2,Fixed Income
CUST00000031,75,F,MARRIED,N,PRIMARY,U43261,0.53,10.52,6.4,Multi Asset
CUST00000037,75,F,MARRIED,N,PRIMARY,U43261,0.53,10.52,6.4,Multi Asset
CUST00000120,75,M,MARRIED,Y,PRIMARY,U43261,0.53,10.52,6.4,Multi Asset
CUST00000209,75,F,MARRIED,Y,PRIMARY,U43261,0.53,10.52,6.4,Multi Asset
CUST00000220,75,M,MARRIED,Y,SECONDARY,U43095,6.77,4.183,1.2,Fixed Income
CUST00000299,75,F,MARRIED,Y,SECONDARY,U43261,0.53,10.52,6.4,Multi Asset
CUST00000314,75,F,MARRIED,Y,PRIMARY,U62743,4.09,11.095,7.32,Fixed Income
CUST00000409,75,M,MARRIED,Y,SECONDARY,U43095,6.77,4.183,1.2,Fixed Income
CUST00000500,75,M,MARRIED,Y,SECONDARY,U62300,11.37,20.12,0.22,Equity Developed Market
CUST00000665,75,M,MARRIED,N,PRIMARY,U43095,6.77,4.183,1.2,Fixed Income
CUST00000721,75,F,WIDOWED,Y,PRIMARY,U43095,6.77,4.183,1.2,Fixed Income
CUST00000824,75,F,MARRIED,Y,SECONDARY,U62743,4.09,11.095,7.32,Fixed Income
CUST00000002,76,F,DIVORCED,Y,SECONDARY,U62743,4.09,11.095,7.32,Fixed Income
CUST00000006,76,M,MARRIED,Y,UNIVERSITY,U43095,6.77,4.183,1.2,Fixed Income
CUST00000105,76,M,MARRIED,Y,PRIMARY,U43261,0.53,10.52,6.4,Multi Asset
CUST00000166,76,M,MARRIED,Y,UNIVERSITY,U43095,6.77,4.183,1.2,Fixed Income
CUST00000279,76,M,MARRIED,Y,PRIMARY,U62300,11.37,20.12,0.22,Equity Developed Market
CUST00000357,76,F,MARRIED,Y,PRIMARY,U43095,6.77,4.183,1.2,Fixed Income
CUST00000442,76,M,DIVORCED,N,SECONDARY,U62743,4.09,11.095,7.32,Fixed Income
CUST00000468,76,M,MARRIED,Y,PRIMARY,U62650,6.52,12.42,2.37,Multi Asset
CUST00000522,76,M,MARRIED,Y,SECONDARY,U43095,6.77,4.183,1.2,Fixed Income
CUST00000653,76,F,MARRIED,Y,PRIMARY,U43261,0.53,10.52,6.4,Multi Asset
CUST00000690,76,F,MARRIED,Y,PRIMARY,U62743,4.09,11.095,7.32,Fixed Income
CUST00000717,76,M,MARRIED,Y,POSTGRADUATE,U43095,6.77,4.183,1.2,Fixed Income
CUST00000771,76,F,MARRIED,Y,UNIVERSITY,U43261,0.53,10.52,6.4,Multi Asset
CUST00000849,76,M,MARRIED,Y,PRIMARY,U62650,6.52,12.42,2.37,Multi Asset
CUST00000912,76,M,MARRIED,Y,SECONDARY,U62743,4.09,11.095,7.32,Fixed Income
CUST00000093,77,M,MARRIED,Y,SECONDARY,U43261,0.53,10.52,6.4,Multi Asset
CUST00000126,77,M,MARRIED,N,PRIMARY,U62300,11.37,20.12,0.22,Equity Developed Market
CUST00000334,77,M,MARRIED,Y,PRIMARY,U43095,6.77,4.183,1.2,Fixed Income
CUST00000488,77,F,MARRIED,Y,PRIMARY,U43261,0.53,10.52,6.4,Multi Asset
CUST00000498,77,F,MARRIED,Y,PRIMARY,U43261,0.53,10.52,6.4,Multi Asset
CUST00000555,77,M,DIVORCED,N,SECONDARY,U62743,4.09,11.095,7.32,Fixed Income
CUST00000557,77,M,MARRIED,Y,UNIVERSITY,U43261,0.53,10.52,6.4,Multi Asset
CUST00000587,77,F,MARRIED,Y,SECONDARY,U62650,6.52,12.42,2.37,Multi Asset
CUST00000625,77,M,MARRIED,N,PRIMARY,U43261,0.53,10.52,6.4,Multi Asset
CUST00000630,77,M,MARRIED,Y,SECONDARY,U62743,4.09,11.095,7.32,Fixed Income
CUST00000692,77,F,MARRIED,Y,PRIMARY,U43261,0.53,10.52,6.4,Multi Asset
CUST00000904,77,F,MARRIED,Y,POSTGRADUATE,U62743,4.09,11.095,7.32,Fixed Income
CUST00000997,77,M,MARRIED,Y,PRIMARY,U43095,6.77,4.183,1.2,Fixed Income
CUST00000062,78,M,MARRIED,Y,PRIMARY,U43261,0.53,10.52,6.4,Multi Asset
CUST00000193,78,M,MARRIED,N,PRIMARY,U62743,4.09,11.095,7.32,Fixed Income
CUST00000195,78,F,MARRIED,Y,PRIMARY,U62650,6.52,12.42,2.37,Multi Asset
CUST00000264,78,F,MARRIED,Y,SECONDARY,U62743,4.09,11.095,7.32,Fixed Income
CUST00000283,78,M,MARRIED,Y,SECONDARY,U43261,0.53,10.52,6.4,Multi Asset
CUST00000319,78,M,MARRIED,N,PRIMARY,U43261,0.53,10.52,6.4,Multi Asset
CUST00000341,78,M,MARRIED,Y,PRIMARY,U62743,4.09,11.095,7.32,Fixed Income
CUST00000435,78,F,DIVORCED,Y,SECONDARY,U43095,6.77,4.183,1.2,Fixed Income
CUST00000436,78,F,SINGLE,N,SECONDARY,U43261,0.53,10.52,6.4,Multi Asset
CUST00000437,78,M,MARRIED,Y,PRIMARY,U43095,6.77,4.183,1.2,Fixed Income
CUST00000448,78,M,SINGLE,N,PRIMARY,U43261,0.53,10.52,6.4,Multi Asset
CUST00000553,78,M,MARRIED,Y,SECONDARY,U43261,0.53,10.52,6.4,Multi Asset
CUST00000560,78,M,MARRIED,Y,PRIMARY,U43095,6.77,4.183,1.2,Fixed Income
CUST00000596,78,M,MARRIED,N,PRIMARY,U43095,6.77,4.183,1.2,Fixed Income
CUST00000631,78,F,MARRIED,Y,PRIMARY,U43095,6.77,4.183,1.2,Fixed Income
CUST00000021,79,M,MARRIED,Y,PRIMARY,U62743,4.09,11.095,7.32,Fixed Income
CUST00000365,79,M,MARRIED,Y,PRIMARY,U43095,6.77,4.183,1.2,Fixed Income
CUST00000375,79,M,MARRIED,Y,SECONDARY,U43095,6.77,4.183,1.2,Fixed Income
CUST00000400,79,F,MARRIED,Y,PRIMARY,U43261,0.53,10.52,6.4,Multi Asset
CUST00000660,79,M,MARRIED,Y,PRIMARY,U43095,6.77,4.183,1.2,Fixed Income
CUST00000679,79,M,MARRIED,Y,PRIMARY,U62743,4.09,11.095,7.32,Fixed Income
CUST00000739,79,M,MARRIED,Y,PRIMARY,U43261,0.53,10.52,6.4,Multi Asset
CUST00000749,79,M,MARRIED,Y,PRIMARY,U43261,0.53,10.52,6.4,Multi Asset
CUST00000773,79,F,MARRIED,Y,SECONDARY,U43095,6.77,4.183,1.2,Fixed Income
CUST00000801,79,M,MARRIED,N,SECONDARY,U43261,0.53,10.52,6.4,Multi Asset
CUST00000857,79,F,DIVORCED,Y,SECONDARY,U62743,4.09,11.095,7.32,Fixed Income
CUST00000887,79,M,WIDOWED,N,PRIMARY,U62743,4.09,11.095,7.32,Fixed Income
CUST00000007,80,M,MARRIED,N,SECONDARY,U43261,0.53,10.52,6.4,Multi Asset
CUST00000057,80,F,MARRIED,Y,PRIMARY,U43261,0.53,10.52,6.4,Multi Asset
CUST00000065,80,F,MARRIED,Y,PRIMARY,U43095,6.77,4.183,1.2,Fixed Income
CUST00000173,80,F,DIVORCED,Y,PRIMARY,U43261,0.53,10.52,6.4,Multi Asset
CUST00000255,80,M,MARRIED,Y,POSTGRADUATE,U43095,6.77,4.183,1.2,Fixed Income
CUST00000282,80,M,DIVORCED,Y,SECONDARY,U62743,4.09,11.095,7.32,Fixed Income
CUST00000290,80,M,MARRIED,Y,PRIMARY,U43261,0.53,10.52,6.4,Multi Asset
CUST00000349,80,F,SINGLE,N,SECONDARY,U43261,0.53,10.52,6.4,Multi Asset
CUST00000438,80,M,SINGLE,N,SECONDARY,U62743,4.09,11.095,7.32,Fixed Income
CUST00000463,80,M,SINGLE,N,PRIMARY,U62743,4.09,11.095,7.32,Fixed Income
CUST00000491,80,F,MARRIED,Y,PRIMARY,U43261,0.53,10.52,6.4,Multi Asset
CUST00000627,80,F,MARRIED,Y,SECONDARY,U62743,4.09,11.095,7.32,Fixed Income
CUST00000656,80,F,MARRIED,Y,PRIMARY,U43261,0.53,10.52,6.4,Multi Asset
